ACCX;ACCY;ACCZ;GYROX;GYROY;GYROZ;ANGLX;ANGLY;ANGLZ
0.02;-0.02;1.14;-0.13;0.33;0.06;-0.93;2.35;0.41
0.03;-0.02;1.15;-0.08;0.07;0.07;-0.94;2.28;0.41
0.02;-0.02;1.14;-0.25;0.37;0.02;-0.94;2.22;0.41
0.03;-0.02;1.14;0.07;-0.01;-0.16;-0.94;2.15;0.40
0.02;-0.03;1.14;0.16;0.31;0.09;-0.95;2.09;0.41
0.02;-0.02;1.15;-0.02;0.15;-0.30;-0.95;2.03;0.40
0.02;-0.03;1.15;-0.13;0.11;0.10;-0.96;1.96;0.40
0.02;-0.02;1.15;-0.25;0.07;0.16;-0.97;1.90;0.41
0.02;-0.02;1.15;-0.16;0.07;-0.11;-0.98;1.85;0.40
0.03;-0.02;1.14;0.06;-0.21;0.51;-0.97;1.77;0.42
0.03;-0.02;1.14;-0.20;0.15;0.02;-0.98;1.71;0.42
0.03;-0.02;1.15;-0.60;-0.22;-0.19;-1.00;1.64;0.41
0.02;-0.02;1.14;0.33;-0.05;0.18;-0.99;1.59;0.42
0.02;-0.02;1.15;0.30;-0.04;0.31;-0.99;1.53;0.42
0.02;-0.03;1.15;-0.29;0.27;0.02;-1.00;1.48;0.42
0.02;-0.02;1.15;0.30;-0.02;-0.54;-1.00;1.43;0.41
0.03;-0.02;1.15;-0.00;0.01;0.15;-1.00;1.38;0.41
0.02;-0.03;1.15;-0.32;-0.02;0.19;-1.01;1.34;0.42
0.03;-0.02;1.14;-0.14;0.05;-0.07;-1.01;1.28;0.42
0.03;-0.02;1.14;-0.03;0.33;0.04;-1.01;1.25;0.42
0.02;-0.01;1.15;0.13;0.19;0.13;-0.99;1.21;0.42
0.03;-0.02;1.15;0.04;0.21;-0.05;-1.00;1.16;0.42
0.03;-0.02;1.15;0.10;-0.42;0.31;-0.99;1.11;0.43
0.03;-0.02;1.15;-0.05;-0.54;0.06;-0.99;1.05;0.43
0.03;-0.02;1.14;0.13;-0.02;-0.51;-0.99;0.99;0.42
0.02;-0.03;1.15;-0.13;0.24;0.01;-1.00;0.95;0.42
0.03;-0.02;1.15;0.30;-0.11;0.33;-1.00;0.91;0.43
0.03;-0.02;1.14;-0.32;-0.01;0.06;-1.00;0.86;0.43
0.03;-0.02;1.14;-0.32;0.34;-0.33;-1.01;0.83;0.42
0.02;-0.02;1.14;-0.11;-0.33;0.12;-1.01;0.78;0.42
0.02;-0.02;1.14;-0.00;-0.36;0.02;-1.00;0.74;0.42
0.02;-0.03;1.14;0.01;0.42;0.13;-1.01;0.71;0.43
0.02;-0.02;1.15;-0.23;0.02;0.02;-1.01;0.67;0.43
0.02;-0.02;1.15;-0.10;-0.02;-0.13;-1.02;0.64;0.42
0.02;-0.03;1.14;-0.31;0.16;0.22;-1.03;0.61;0.43
0.03;-0.02;1.15;0.16;-0.22;-0.16;-1.03;0.56;0.43
0.03;-0.02;1.14;-0.37;-0.40;-0.27;-1.04;0.51;0.42
0.03;-0.02;1.14;0.36;0.05;0.35;-1.03;0.47;0.43
0.02;-0.02;1.15;-0.43;0.21;0.15;-1.04;0.45;0.43
0.02;-0.02;1.15;0.15;-0.05;-0.08;-1.03;0.42;0.43
0.02;-0.02;1.15;0.12;0.24;-0.31;-1.03;0.39;0.42
0.03;-0.02;1.15;-0.26;0.19;-0.08;-1.03;0.36;0.42
0.02;-0.02;1.15;-0.03;0.15;-0.02;-1.03;0.34;0.42
0.02;-0.02;1.15;-0.20;0.47;0.07;-1.04;0.32;0.42
0.02;-0.03;1.14;-0.00;0.19;0.28;-1.04;0.30;0.43
0.02;-0.02;1.14;0.12;0.02;-0.45;-1.04;0.27;0.42
0.02;-0.02;1.14;-0.00;0.47;0.45;-1.03;0.25;0.43
0.02;-0.02;1.15;-0.03;0.10;-0.07;-1.03;0.23;0.43
0.03;-0.02;1.15;-0.00;0.04;-0.07;-1.03;0.20;0.42
0.02;-0.02;1.15;-0.00;0.33;-0.16;-1.04;0.18;0.42
0.03;-0.02;1.14;-0.03;-0.01;-0.20;-1.04;0.15;0.41
0.02;-0.02;1.15;0.19;-0.05;-0.17;-1.03;0.12;0.41
0.03;-0.02;1.15;-0.00;-0.13;0.02;-1.03;0.09;0.41
0.03;-0.02;1.15;-0.03;0.48;-0.14;-1.03;0.07;0.41
0.02;-0.02;1.14;0.15;0.13;0.28;-1.03;0.05;0.41
0.02;-0.02;1.16;0.04;0.15;0.09;-1.03;0.03;0.42
0.03;-0.02;1.15;0.15;0.02;0.13;-1.03;0.00;0.42
0.03;-0.03;1.14;0.01;0.18;0.01;-1.03;-0.02;0.42
0.03;-0.02;1.14;0.07;0.31;-0.01;-1.03;-0.04;0.42
0.02;-0.02;1.15;-0.05;0.04;-0.02;-1.03;-0.06;0.42
0.03;-0.02;1.15;-0.22;-0.21;0.01;-1.03;-0.09;0.42
0.02;-0.02;1.15;-0.03;-0.36;-0.23;-1.03;-0.11;0.41
0.02;-0.02;1.15;0.30;-0.11;-0.07;-1.02;-0.14;0.41
0.03;-0.03;1.15;0.06;-0.10;-0.11;-1.02;-0.17;0.41
0.02;-0.03;1.14;0.36;0.07;-0.10;-1.02;-0.19;0.41
0.02;-0.02;1.15;0.13;-0.39;-0.05;-1.02;-0.22;0.41
0.02;-0.02;1.14;-0.23;-0.01;0.24;-1.02;-0.24;0.41
0.02;-0.02;1.14;-0.06;0.05;0.18;-1.02;-0.26;0.42
0.03;-0.01;1.15;-0.16;0.31;0.21;-1.02;-0.27;0.42
0.03;-0.02;1.15;-0.11;-0.53;0.24;-1.02;-0.31;0.43
0.02;-0.02;1.14;-0.14;0.18;-0.11;-1.02;-0.32;0.42
0.02;-0.02;1.14;0.04;-0.02;0.18;-1.02;-0.34;0.43
0.03;-0.02;1.14;0.01;0.07;-0.17;-1.02;-0.36;0.42
0.03;-0.02;1.15;-0.16;-0.28;-0.23;-1.02;-0.38;0.42
0.02;-0.02;1.14;-0.58;0.36;0.30;-1.03;-0.39;0.42
0.02;-0.02;1.15;-0.28;-0.30;0.09;-1.04;-0.41;0.43
0.02;-0.02;1.15;0.03;-0.42;0.04;-1.03;-0.44;0.43
0.02;-0.02;1.15;-0.16;-0.57;-0.14;-1.04;-0.47;0.42
0.02;-0.02;1.15;0.03;0.33;-0.07;-1.04;-0.48;0.42
0.03;-0.02;1.14;0.23;0.56;0.04;-1.04;-0.48;0.42
0.02;-0.02;1.14;0.04;0.77;-0.01;-1.04;-0.47;0.42
0.03;-0.02;1.14;0.38;-0.18;0.06;-1.03;-0.49;0.43
0.02;-0.02;1.14;0.33;-0.33;0.04;-1.01;-0.52;0.43
0.01;0.22;1.14;0.33;0.39;11.51;-0.76;-0.51;0.74
0.01;-0.04;1.17;1.45;0.05;24.07;-0.75;-0.51;1.39
0.04;0.13;1.15;0.68;-0.01;10.60;-0.59;-0.53;1.66
0.04;0.19;1.13;-0.06;-0.14;-0.95;-0.39;-0.56;1.64
0.12;0.25;1.17;-0.61;-2.63;-6.49;-0.18;-0.71;1.47
0.15;0.34;1.08;-0.74;-0.05;-22.07;0.12;-0.82;0.85
0.05;0.40;1.13;0.64;-1.63;-15.20;0.50;-0.89;0.44
-0.02;0.33;1.14;0.52;2.62;-2.83;0.82;-0.78;0.37
-0.04;0.23;1.15;0.65;-1.02;10.93;1.04;-0.76;0.66
-0.01;0.20;1.08;2.03;1.57;35.25;1.29;-0.69;1.75
-0.02;0.13;1.13;2.96;-2.05;51.15;1.47;-0.71;3.08
0.02;-0.03;1.16;1.87;-2.25;44.12;1.47;-0.77;4.28
0.11;-0.14;1.11;1.28;-0.53;13.41;1.34;-0.87;4.62
-0.03;-0.20;1.18;-0.11;0.19;-11.87;1.12;-0.83;4.32
-0.07;-0.13;1.16;1.07;4.94;3.60;1.01;-0.62;4.41
-0.04;-0.23;1.12;1.03;5.05;26.36;0.78;-0.45;5.10
0.06;-0.30;1.09;1.52;0.10;39.89;0.52;-0.48;6.18
0.07;-0.26;1.17;2.16;1.95;44.02;0.33;-0.48;7.36
0.11;-0.33;1.07;2.15;3.67;25.70;0.06;-0.47;8.03
0.01;-0.26;1.13;-0.16;-1.09;7.55;-0.20;-0.50;8.26
0.04;-0.24;1.09;0.74;-3.72;-2.04;-0.41;-0.62;8.20
-0.04;-0.21;1.19;-0.25;-1.50;1.02;-0.60;-0.61;8.23
0.06;-0.23;1.09;0.04;1.47;4.13;-0.82;-0.61;8.34
0.12;-0.21;1.09;-0.00;0.92;1.73;-1.00;-0.68;8.39
0.06;-0.14;1.12;-1.24;-2.63;-6.63;-1.15;-0.79;8.22
-0.00;-0.10;1.15;-1.00;-0.59;-1.43;-1.25;-0.79;8.18
0.02;-0.02;1.15;-0.45;-0.43;0.36;-1.26;-0.81;8.19
0.03;-0.02;1.14;0.09;0.31;-0.05;-1.25;-0.81;8.19
0.02;-0.01;1.15;0.03;-0.21;0.39;-1.24;-0.82;8.20
0.03;-0.02;1.14;-0.42;-0.63;0.10;-1.25;-0.85;8.20
0.03;-0.02;1.15;-0.11;-1.12;-0.02;-1.24;-0.89;8.20
0.02;-0.02;1.15;-0.16;-1.20;0.22;-1.24;-0.92;8.21
0.02;-0.02;1.15;-0.37;-0.39;0.07;-1.25;-0.94;8.21
0.02;-0.02;1.14;0.26;1.38;0.33;-1.24;-0.90;8.22
0.02;-0.02;1.16;0.21;0.76;0.01;-1.22;-0.88;8.22
0.01;-0.01;1.16;-0.35;-0.01;0.04;-1.22;-0.88;8.22
0.02;-0.02;1.14;0.12;-0.28;0.01;-1.21;-0.88;8.22
0.02;-0.02;1.14;0.01;0.45;0.15;-1.20;-0.87;8.22
0.03;-0.02;1.15;-0.10;0.24;-0.23;-1.20;-0.88;8.22
0.02;-0.01;1.15;0.06;-0.43;0.39;-1.19;-0.89;8.23
0.02;-0.02;1.15;-0.19;0.19;-0.37;-1.19;-0.89;8.21
0.02;-0.02;1.15;-0.05;0.51;-0.31;-1.18;-0.89;8.21
0.03;-0.02;1.14;-0.02;-0.22;-0.30;-1.18;-0.91;8.20
0.02;-0.02;1.15;0.03;0.25;0.04;-1.17;-0.90;8.20
0.02;-0.02;1.16;0.56;0.94;0.02;-1.15;-0.87;8.20
0.03;-0.02;1.14;0.24;0.74;-0.19;-1.14;-0.86;8.20
0.02;-0.02;1.15;0.12;1.03;-0.22;-1.13;-0.84;8.19
0.02;-0.01;1.15;0.32;0.31;1.09;-1.12;-0.84;8.22
0.03;-0.01;1.14;-0.02;-1.84;6.65;-1.11;-0.90;8.39
0.01;-0.03;1.15;0.19;-0.30;1.96;-1.11;-0.90;8.45
0.02;-0.01;1.15;0.10;0.62;0.09;-1.09;-0.86;8.45
0.03;-0.02;1.15;-0.13;-0.57;0.12;-1.09;-0.89;8.45
0.02;-0.02;1.15;-0.28;-0.63;-0.28;-1.10;-0.91;8.45
0.02;-0.02;1.15;0.09;0.08;0.12;-1.09;-0.91;8.45
0.03;-0.02;1.13;0.04;0.34;-0.33;-1.08;-0.91;8.44
0.02;-0.02;1.14;0.38;0.27;0.06;-1.07;-0.90;8.44
0.02;-0.02;1.14;0.12;0.01;-0.30;-1.07;-0.90;8.43
0.03;-0.02;1.15;0.13;0.21;-0.37;-1.06;-0.91;8.42
0.02;-0.02;1.16;0.26;0.28;0.22;-1.06;-0.90;8.43
0.02;-0.02;1.16;0.18;1.02;0.16;-1.05;-0.87;8.43
0.02;-0.02;1.16;0.24;1.02;-0.08;-1.04;-0.84;8.43
0.01;-0.01;1.15;0.07;0.11;0.10;-1.03;-0.83;8.43
0.02;-0.02;1.14;0.82;2.25;0.04;-1.00;-0.78;8.43
0.00;-0.22;1.15;-0.23;-2.40;10.51;-1.20;-0.83;8.72
0.02;-0.14;1.15;0.82;-0.07;32.31;-1.29;-0.83;9.56
0.17;-0.26;1.14;1.86;-1.75;56.50;-1.44;-1.00;11.14
0.32;-0.32;1.01;0.21;-2.39;33.20;-1.68;-1.31;12.04
0.15;-0.24;1.17;-0.49;-0.22;-3.99;-1.87;-1.42;11.93
0.12;-0.20;1.17;-0.58;-3.06;-15.17;-2.02;-1.57;11.52
0.09;-0.16;1.11;-2.00;-2.74;-11.81;-2.19;-1.69;11.22
0.05;-0.18;1.16;0.55;-3.47;11.22;-2.29;-1.80;11.56
0.04;-0.18;1.16;-0.10;-1.27;20.15;-2.42;-1.84;12.11
-0.04;-0.12;1.14;1.28;2.34;22.28;-2.45;-1.71;12.69
0.09;-0.16;1.10;2.73;2.42;53.15;-2.48;-1.70;14.12
0.12;-0.19;1.16;0.77;0.15;29.84;-2.57;-1.76;14.93
0.00;-0.17;1.22;-0.35;-1.11;9.55;-2.69;-1.75;15.18
0.12;-0.13;1.08;-0.13;2.66;-0.69;-2.76;-1.76;15.16
-0.04;-0.08;1.16;-1.12;1.61;-20.14;-2.81;-1.65;14.59
0.01;-0.06;1.13;-1.09;1.12;-8.56;-2.85;-1.60;14.37
0.08;0.00;1.18;-0.80;2.76;-16.75;-2.81;-1.57;13.92
0.17;0.10;1.04;-3.13;2.92;-67.99;-2.79;-1.59;11.20
0.02;0.14;1.14;-4.48;4.54;-122.92;-2.70;-1.46;8.00
-0.20;0.23;1.24;-4.89;2.60;-122.54;-2.60;-1.20;4.70
-0.22;0.26;1.20;-2.63;-2.24;-86.14;-2.41;-1.07;2.37
-0.24;0.33;1.18;-2.45;2.92;-46.27;-2.17;-0.79;1.12
-0.25;0.34;1.27;0.82;4.94;-20.51;-1.85;-0.47;0.57
-0.09;0.26;1.16;0.76;1.18;-12.56;-1.56;-0.35;0.23
-0.10;0.26;1.12;-0.22;4.16;-7.41;-1.29;-0.16;0.04
-0.02;0.17;1.13;0.35;1.89;1.98;-1.09;-0.09;0.09
0.02;-0.01;1.15;-0.10;0.05;-0.25;-1.08;-0.10;0.08
0.01;-0.01;1.17;-0.19;-0.16;-0.46;-1.07;-0.12;0.07
0.02;-0.02;1.14;-0.23;-0.63;-0.10;-1.08;-0.15;0.07
0.02;-0.02;1.16;-0.83;-2.11;0.22;-1.09;-0.22;0.07
0.03;-0.03;1.12;-0.28;-1.23;0.09;-1.10;-0.28;0.07
0.02;-0.02;1.16;-0.39;-0.51;-0.27;-1.11;-0.30;0.07
0.03;-0.02;1.14;-0.37;-1.78;0.33;-1.12;-0.37;0.07
0.03;-0.02;1.15;-0.83;-2.28;0.02;-1.14;-0.45;0.08
0.01;-0.02;1.15;0.15;-0.79;-4.37;-1.13;-0.47;-0.04
0.02;-0.03;1.14;-0.31;-0.22;-4.34;-1.14;-0.49;-0.16
0.02;-0.02;1.14;0.16;0.97;-1.87;-1.14;-0.47;-0.21
0.02;-0.02;1.15;0.01;0.92;-2.97;-1.13;-0.46;-0.30
0.02;-0.03;1.15;0.30;0.40;-6.94;-1.13;-0.46;-0.48
0.01;-0.04;1.15;-0.48;0.91;-17.35;-1.16;-0.43;-0.95
-0.07;-0.10;1.14;-0.48;4.40;-56.97;-1.25;-0.24;-2.43
-0.14;-0.02;1.16;-1.48;6.80;-81.41;-1.28;0.08;-4.71
-0.19;-0.02;1.11;-0.60;4.19;-49.14;-1.29;0.38;-6.03
-0.29;-0.08;1.29;0.67;-3.32;-5.55;-1.31;0.52;-6.18
-0.18;-0.13;1.06;0.21;0.85;-13.84;-1.40;0.70;-6.57
-0.35;0.07;1.14;1.71;9.55;-70.22;-1.24;1.48;-10.01
-0.43;0.06;1.20;1.43;1.50;11.83;-1.13;1.87;-9.65
-0.26;-0.07;1.18;1.28;3.67;56.25;-1.13;2.16;-8.19
-0.22;-0.05;1.16;2.35;0.74;39.37;-1.08;2.34;-7.09
-0.18;0.09;1.24;0.33;-0.74;42.96;-0.98;2.43;-5.93
-0.02;0.02;1.23;3.75;7.35;52.65;-0.84;2.59;-4.56
0.02;-0.07;1.27;0.10;-2.14;52.83;-0.89;2.46;-3.13
0.08;-0.05;1.18;0.45;-4.85;73.11;-0.91;2.21;-1.16
-0.05;0.04;0.99;2.97;-77.53;8.15;-0.77;0.17;-0.94
0.36;0.05;1.12;-1.87;3.67;-82.75;-0.76;-0.07;-3.17
0.16;0.18;1.22;8.33;20.79;-51.29;-0.39;0.33;-4.51
0.21;0.06;1.16;-1.77;-6.98;10.18;-0.38;-0.06;-4.23
0.31;0.01;1.14;-2.61;-0.77;8.33;-0.43;-0.38;-4.02
0.32;-0.02;1.13;-0.81;-2.57;-11.70;-0.46;-0.75;-4.33
0.25;-0.02;1.12;-2.77;-6.01;-18.27;-0.54;-1.15;-4.84
0.06;-0.02;1.15;-1.45;-2.13;-19.88;-0.59;-1.24;-5.38
0.02;-0.01;1.14;-2.55;-6.83;-0.10;-0.66;-1.41;-5.38
0.27;-0.08;1.13;-0.83;-2.42;-14.28;-0.73;-1.70;-5.78
0.47;-0.03;1.04;-3.13;-15.79;46.89;-0.82;-2.55;-4.56
0.30;0.05;1.13;-0.43;-7.95;43.83;-0.77;-2.99;-3.37
0.25;-0.04;1.16;0.85;7.50;-33.69;-0.76;-2.96;-4.32
-0.04;0.09;1.14;0.67;8.22;-60.86;-0.63;-2.63;-6.08
-0.04;0.15;1.24;-1.16;-7.98;26.74;-0.52;-2.76;-5.33
0.05;0.01;1.25;3.10;-1.43;23.34;-0.42;-2.78;-4.70
0.22;0.09;1.06;1.54;7.37;-40.57;-0.29;-2.76;-5.76
0.14;0.03;1.20;-2.80;-3.92;-30.36;-0.34;-2.94;-6.58
0.07;-0.01;1.12;-2.63;-4.74;-53.09;-0.41;-3.08;-8.01
-0.16;0.03;1.12;-0.52;2.05;-36.54;-0.39;-2.80;-8.96
-0.19;-0.09;1.13;1.37;2.13;18.60;-0.43;-2.52;-8.46
-0.38;-0.28;1.19;3.39;3.03;8.73;-0.53;-2.10;-8.22
-0.59;-0.25;1.19;5.13;12.59;13.32;-0.55;-1.27;-7.86
-0.16;-0.09;1.09;6.67;12.80;73.35;-0.41;-0.70;-5.59
0.21;-0.55;1.21;-5.16;-21.37;67.83;-0.96;-1.37;-3.83
0.14;-0.51;1.21;-1.52;4.50;-74.86;-1.39;-1.32;-5.85
-0.20;-0.38;1.20;-2.84;4.40;-118.23;-1.75;-1.03;-9.16
-0.13;-0.42;1.13;-0.26;2.74;-46.59;-2.09;-0.84;-10.37
-0.02;-0.39;1.20;-0.61;-1.11;13.18;-2.42;-0.84;-10.01
0.25;-0.41;1.09;-2.39;-2.19;-24.57;-2.77;-1.07;-10.70
0.11;-0.24;1.10;-3.99;3.64;-89.40;-3.05;-1.05;-13.03
-0.13;-0.08;1.10;-3.55;2.42;-97.70;-3.16;-0.84;-15.66
-0.13;0.05;1.18;-4.64;-5.61;-70.86;-3.18;-0.87;-17.79
-0.11;0.17;1.09;-2.89;0.76;-61.17;-3.03;-0.73;-19.44
-0.17;0.35;1.22;0.97;10.69;-73.64;-2.66;-0.31;-21.43
-0.03;0.53;1.12;1.28;13.92;-91.41;-2.09;0.07;-23.81
-0.04;0.53;1.22;-2.11;4.28;-108.45;-1.65;0.21;-26.63
-0.01;0.42;1.15;-3.13;2.89;-92.86;-1.30;0.29;-29.13
0.06;0.44;1.10;-1.68;-5.38;-26.42;-0.91;0.10;-29.82
0.04;0.25;1.17;1.74;-3.61;27.34;-0.60;-0.04;-29.05
0.08;0.00;0.57;-6.39;16.54;0.22;-0.76;0.23;-29.05
0.33;0.02;1.11;-3.67;-10.22;51.03;-0.82;-0.36;-27.72
-0.06;-0.09;1.20;-2.19;-4.56;22.47;-0.97;-0.48;-26.82
-0.07;-0.03;1.21;0.33;7.08;-36.80;-0.97;-0.21;-27.85
-0.07;-0.01;1.13;-0.46;2.24;-28.59;-0.98;-0.08;-28.60
-0.08;-0.00;1.17;1.13;4.40;-13.18;-0.93;0.12;-28.97
0.01;-0.03;1.14;2.65;6.88;-0.01;-0.86;0.30;-28.97
-0.02;-0.01;1.16;2.44;5.43;4.30;-0.80;0.45;-28.85
0.02;-0.09;1.15;-1.48;-5.84;26.02;-0.91;0.27;-28.15
0.11;-0.11;1.12;0.38;-1.40;17.35;-0.98;0.12;-27.67
0.17;-0.12;1.16;-2.20;-6.57;21.38;-1.18;-0.37;-26.55
0.07;-0.09;1.14;-0.77;-3.26;15.49;-1.25;-0.52;-26.12
0.20;0.00;1.17;-0.64;-7.95;29.63;-1.24;-0.93;-25.26
0.20;-0.02;1.17;0.52;-6.37;44.19;-1.22;-1.27;-24.07
0.12;0.10;1.20;0.32;-1.69;23.99;-1.09;-1.39;-23.42
0.12;0.16;1.14;1.10;0.04;54.06;-0.90;-1.47;-22.01
0.23;0.08;1.24;0.16;-5.18;50.16;-0.82;-1.78;-20.61
0.25;0.09;1.15;-0.31;-4.63;37.37;-0.74;-2.09;-19.64
0.26;0.07;1.05;0.03;-5.18;32.57;-0.66;-2.45;-18.76
0.13;0.17;1.09;-0.48;1.49;-12.43;-0.51;-2.48;-19.09
-0.30;0.19;1.19;2.10;7.18;-11.44;-0.29;-1.99;-19.40
-0.36;0.16;1.21;4.44;5.61;67.63;-0.03;-1.49;-17.31
0.05;-0.09;1.13;2.70;0.31;105.08;-0.04;-1.50;-14.47
0.21;-0.15;1.04;0.44;1.21;52.74;-0.17;-1.64;-13.10
-0.12;-0.01;1.21;0.74;-1.24;3.93;-0.15;-1.53;-12.99
-0.14;-0.04;1.14;1.32;3.23;-7.78;-0.15;-1.28;-13.20
-0.20;-0.16;1.19;2.07;6.42;-15.64;-0.23;-0.92;-13.61
-0.23;-0.09;1.13;2.26;5.20;9.17;-0.24;-0.55;-13.36
-0.20;-0.07;1.16;0.07;1.98;38.07;-0.30;-0.30;-12.37
-0.03;-0.12;1.12;1.36;0.16;31.95;-0.37;-0.26;-11.51
-0.05;-0.12;1.16;2.36;3.72;11.02;-0.41;-0.11;-11.21
0.01;-0.03;1.15;3.84;9.31;0.89;-0.32;0.15;-11.18
0.01;-0.02;1.16;2.00;4.37;-0.31;-0.28;0.26;-11.19
0.02;-0.02;1.15;-0.26;-1.61;0.41;-0.30;0.19;-11.18
0.01;-0.03;1.14;-0.57;-1.44;-0.05;-0.33;0.14;-11.18
0.02;-0.03;1.15;-0.48;-2.31;-0.01;-0.36;0.06;-11.18
0.01;-0.02;1.15;-0.20;-0.74;-0.04;-0.38;0.03;-11.18
0.02;-0.02;1.14;-1.13;-2.04;0.22;-0.42;-0.04;-11.18
0.01;-0.02;1.15;-1.88;-5.89;0.09;-0.48;-0.21;-11.18
0.01;-0.02;1.14;-2.74;-7.75;0.21;-0.57;-0.41;-11.17
0.02;-0.02;1.14;-1.48;-4.13;0.07;-0.61;-0.53;-11.17
0.02;-0.03;1.15;-1.03;-2.53;0.07;-0.66;-0.62;-11.17
0.02;-0.02;1.14;-1.10;-2.65;0.51;-0.69;-0.69;-11.15
0.01;-0.01;1.15;-0.37;-3.18;0.70;-0.70;-0.77;-11.13
-0.08;0.23;1.16;0.26;-4.57;31.55;-0.47;-0.82;-10.25
-0.03;0.18;1.14;2.15;5.23;31.83;-0.23;-0.64;-9.42
0.05;0.23;1.12;1.98;5.32;15.03;0.04;-0.53;-9.02
-0.07;0.30;1.20;2.99;3.06;6.51;0.39;-0.39;-8.84
-0.07;0.28;1.11;2.93;0.91;19.03;0.72;-0.30;-8.35
-0.08;0.37;1.15;1.49;1.00;51.05;1.08;-0.20;-6.97
-0.09;0.47;1.13;3.75;7.89;35.81;1.57;0.06;-6.04
0.16;0.13;1.05;7.40;17.37;23.80;1.89;0.43;-5.30
0.25;-0.15;1.10;-0.42;-2.65;14.76;1.71;0.13;-4.90
0.30;-0.10;1.14;-1.18;-4.04;-17.58;1.57;-0.26;-5.36
-0.03;0.01;1.14;1.98;4.77;-30.52;1.61;-0.09;-6.21
-0.24;-0.20;1.10;1.42;-2.80;50.16;1.44;0.05;-4.86
0.07;-0.44;1.15;2.45;-1.69;71.23;1.08;-0.04;-3.01
0.23;-0.57;1.15;1.13;1.17;12.59;0.64;-0.16;-2.65
0.09;-0.44;1.08;-0.10;0.40;-28.80;0.22;-0.22;-3.43
-0.03;-0.32;1.00;-0.29;6.51;-11.96;-0.14;-0.02;-3.74
-0.00;-0.24;1.03;-1.35;3.05;16.64;-0.44;0.06;-3.28
0.01;-0.16;1.16;-0.43;-2.59;4.62;-0.60;-0.02;-3.14
0.01;-0.03;1.16;0.29;1.02;-0.42;-0.61;-0.00;-3.15
0.02;-0.02;1.15;0.52;-0.28;-0.07;-0.60;-0.03;-3.15
0.05;-0.06;1.14;8.21;19.96;-68.80;-0.43;0.43;-4.94
-0.35;0.04;1.14;-0.97;2.05;-89.93;-0.42;0.81;-7.46
-0.48;0.04;1.15;-6.26;-10.25;2.80;-0.55;0.96;-7.38
-0.21;-0.04;1.15;1.65;4.36;24.13;-0.49;1.36;-6.13
-0.38;0.01;1.17;1.43;1.81;30.50;-0.43;1.73;-5.27
-0.29;-0.13;1.15;3.43;6.28;21.83;-0.44;2.12;-4.71
-0.18;-0.08;1.15;-1.84;-6.25;34.39;-0.55;2.08;-3.78
-0.02;-0.04;1.18;1.07;0.01;-5.33;-0.55;2.06;-3.94
0.01;0.03;1.14;0.85;-0.21;10.22;-0.48;2.00;-3.68
0.76;-0.10;1.02;1.74;2.50;54.83;-0.49;1.34;-2.20
0.71;0.06;1.19;2.04;0.44;21.11;-0.40;0.73;-1.65
0.57;0.00;1.26;-1.59;-0.50;-2.25;-0.43;0.22;-1.71
0.31;0.04;1.10;-0.81;-1.58;-40.02;-0.41;-0.13;-2.79
-0.01;0.01;1.16;-1.68;-3.75;-6.74;-0.43;-0.21;-2.96
0.01;-0.02;1.15;-1.38;-2.91;-4.07;-0.48;-0.30;-3.07
0.02;-0.02;1.14;-1.79;-4.30;-6.49;-0.54;-0.42;-3.25
0.02;-0.02;1.14;-1.01;-2.95;-0.91;-0.57;-0.51;-3.27
0.00;-0.02;1.16;-0.20;0.15;-0.36;-0.58;-0.50;-3.29
0.01;-0.02;1.16;0.16;1.02;0.04;-0.58;-0.47;-3.29
0.02;-0.02;1.14;0.36;1.64;-0.28;-0.58;-0.44;-3.29
0.02;-0.02;1.15;0.67;1.78;0.13;-0.57;-0.41;-3.29
0.02;-0.01;1.14;0.88;2.27;0.16;-0.54;-0.36;-3.29
0.02;-0.01;1.14;1.20;2.89;0.68;-0.52;-0.29;-3.27
0.01;-0.02;1.15;0.32;1.52;0.19;-0.52;-0.26;-3.26
0.01;-0.02;1.15;0.32;0.59;-0.10;-0.52;-0.25;-3.27
-0.06;-0.29;1.14;-3.12;-10.04;31.63;-0.85;-0.45;-2.44
0.09;-0.57;1.14;-0.81;-3.12;28.39;-1.36;-0.58;-1.68
0.23;-0.61;1.21;-2.19;-2.76;22.99;-1.85;-0.80;-0.99
0.24;-0.56;1.18;-2.02;4.79;-19.32;-2.30;-0.81;-1.51
0.06;-0.48;1.20;-2.40;3.02;-26.14;-2.73;-0.76;-2.21
0.11;-0.25;1.14;-1.03;-0.22;-29.14;-2.93;-0.83;-2.97
0.13;-0.00;1.13;-2.60;-3.14;-44.04;-2.95;-1.03;-4.20
0.02;0.25;1.14;-2.02;5.34;-84.98;-2.70;-0.88;-6.50
-0.30;0.55;1.16;0.59;5.40;-123.98;-2.22;-0.53;-9.72
-0.49;0.78;1.17;0.73;3.50;-61.88;-1.65;-0.14;-11.46
-0.37;0.56;1.12;8.35;12.40;-8.71;-0.98;0.44;-11.69
-0.14;0.09;1.12;1.83;4.08;54.04;-0.82;0.69;-10.07
0.04;-0.04;1.12;-3.94;-5.47;8.04;-0.95;0.49;-9.85
-0.02;-0.03;1.05;0.21;7.31;-48.05;-0.96;0.70;-11.15
-0.28;-0.14;1.16;3.43;9.78;-75.73;-0.96;1.19;-13.19
-0.43;-0.10;1.19;1.68;4.13;-41.33;-0.97;1.64;-14.31
-0.27;-0.03;1.21;-1.65;0.50;-2.22;-1.01;1.87;-14.37
-0.27;-0.02;1.16;-1.45;1.03;4.82;-1.05;2.12;-14.24
-0.31;0.08;1.17;0.15;2.56;31.84;-0.97;2.42;-13.38
0.10;0.04;1.06;-1.30;0.98;48.19;-0.94;2.29;-12.13
0.40;-0.08;1.09;10.68;-10.74;-1.79;-0.71;1.59;-12.18
0.17;0.09;1.12;-1.61;-6.33;44.73;-0.66;1.20;-10.79
0.20;0.12;1.12;1.17;1.34;49.66;-0.51;1.03;-9.50
0.42;0.10;0.99;-0.22;-0.30;55.37;-0.43;0.57;-8.00
0.38;0.02;1.22;-2.22;-5.11;47.52;-0.47;0.08;-6.72
0.38;0.01;1.09;-4.26;-8.02;32.77;-0.56;-0.51;-5.87
0.24;-0.06;1.15;-3.96;-7.90;-3.09;-0.70;-0.93;-5.95
0.01;-0.01;1.15;-2.11;-5.21;-0.52;-0.75;-1.06;-5.97
-0.09;0.26;1.10;-1.41;-1.18;6.24;-0.53;-0.99;-5.80
-0.20;0.34;1.23;5.05;14.18;25.37;-0.12;-0.45;-5.12
-0.08;0.31;1.16;7.46;11.27;29.18;0.35;-0.09;-4.36
0.25;0.39;1.07;0.81;-3.82;31.61;0.70;-0.39;-3.41
0.16;0.58;1.14;1.19;1.64;-9.58;1.19;-0.44;-3.67
-0.05;0.60;1.13;2.73;6.10;-7.44;1.77;-0.24;-3.86
-0.01;0.24;1.11;8.16;17.46;14.86;2.20;0.23;-3.46
-0.18;-0.22;1.16;0.81;-4.43;10.96;2.01;0.17;-2.94
-0.27;-0.32;1.25;0.81;-4.50;43.54;1.75;0.24;-1.72
-0.01;-0.35;1.15;-1.23;-4.71;60.12;1.35;0.12;-0.09
0.03;-0.43;1.02;-2.46;-5.46;55.57;0.82;-0.05;1.41
0.14;-0.49;1.10;-5.06;-3.49;32.22;0.24;-0.25;2.28
0.06;-0.50;1.15;2.45;-0.57;6.91;-0.15;-0.30;2.46
0.11;-0.25;1.01;-0.90;-3.08;-2.33;-0.43;-0.49;2.38
0.16;-0.26;1.15;1.61;5.06;-16.36;-0.60;-0.48;1.94
0.16;-0.11;1.10;-1.81;-3.61;-32.45;-0.74;-0.71;1.10
0.33;0.09;1.10;-3.12;-0.85;7.20;-0.74;-1.02;1.29
0.65;0.01;1.08;-1.62;-9.17;73.40;-0.76;-1.86;3.27
1.09;-0.17;1.01;0.10;4.18;-13.40;-0.83;-2.57;2.93
0.52;-0.19;1.16;-6.23;1.63;-214.77;-1.11;-2.90;-2.87
-0.31;-0.00;1.18;-1.65;12.10;-261.40;-1.13;-2.22;-9.93
-0.63;0.11;1.08;-3.00;1.60;-194.43;-1.11;-1.58;-15.18
-0.62;0.08;1.07;-0.95;5.55;-56.82;-1.06;-0.83;-16.77
-0.31;-0.03;1.07;1.08;1.31;75.98;-1.03;-0.46;-14.57
-0.10;-0.17;1.16;2.41;0.86;95.03;-1.10;-0.34;-12.00
-0.11;-0.26;1.20;1.75;1.78;4.04;-1.26;-0.20;-11.89
-0.43;-0.16;1.26;0.27;11.08;-65.24;-1.34;0.42;-13.59
-0.26;-0.07;1.22;4.36;8.54;-41.62;-1.25;0.87;-14.71
-0.12;-0.07;1.10;0.21;-0.14;-9.81;-1.28;0.97;-14.98
-0.05;-0.05;1.16;-0.60;-1.21;0.04;-1.32;0.96;-14.98
-0.00;-0.02;1.14;-0.19;-0.85;0.45;-1.32;0.92;-14.96
-0.00;-0.01;1.15;2.56;3.55;1.58;-1.24;1.00;-14.92
-0.03;-0.01;1.16;-1.13;-4.16;25.63;-1.25;0.90;-14.25
-0.11;0.02;1.25;8.23;-1.05;61.57;-0.96;0.94;-12.35
0.02;-0.04;1.16;2.97;-1.50;77.86;-0.89;0.86;-10.17
-0.07;-0.00;1.22;0.70;-4.88;76.21;-0.86;0.79;-8.18
-0.08;0.03;1.31;-0.28;-13.02;96.02;-0.83;0.49;-5.59
0.14;0.01;1.10;-2.89;-9.20;71.08;-0.88;0.11;-3.74
0.01;-0.04;1.17;1.97;4.30;48.77;-0.85;0.21;-2.43
-0.01;-0.06;1.17;3.23;4.39;27.93;-0.81;0.34;-1.67
0.01;-0.04;1.13;0.36;0.01;9.99;-0.82;0.31;-1.41
0.01;-0.01;1.15;-1.68;-4.24;0.74;-0.86;0.18;-1.39
0.01;-0.01;1.15;-0.78;-2.71;0.07;-0.88;0.09;-1.39
0.02;-0.02;1.14;-0.54;-1.24;0.15;-0.89;0.03;-1.39
0.01;-0.02;1.15;0.16;0.63;-0.34;-0.90;0.03;-1.39
0.01;-0.02;1.15;0.19;1.34;0.12;-0.89;0.06;-1.39
0.01;-0.02;1.14;-0.77;-1.58;-0.45;-0.91;0.00;-1.40
0.02;-0.01;1.14;-0.34;-0.97;-0.05;-0.91;-0.04;-1.40
0.01;-0.02;1.15;-0.37;-0.21;-0.05;-0.93;-0.06;-1.41
0.01;-0.02;1.15;-0.28;-0.76;0.12;-0.94;-0.08;-1.40
0.00;-0.02;1.15;0.23;1.00;0.12;-0.93;-0.05;-1.40
0.01;-0.01;1.15;-0.11;0.63;-0.23;-0.93;-0.04;-1.41
0.01;-0.01;1.15;0.18;0.54;0.27;-0.92;-0.04;-1.40
0.01;-0.01;1.15;0.56;1.47;-0.13;-0.90;-0.01;-1.40
0.01;-0.02;1.14;0.13;0.36;-0.04;-0.89;-0.01;-1.40
0.01;-0.01;1.14;0.09;0.42;0.01;-0.89;-0.01;-1.40
0.01;-0.02;1.15;0.42;1.47;-0.43;-0.87;0.02;-1.42
0.02;-0.02;1.14;-0.20;1.29;-0.14;-0.88;0.04;-1.42
0.01;-0.01;1.15;0.19;0.57;-0.28;-0.86;0.04;-1.43
0.01;-0.02;1.15;0.19;-0.51;0.27;-0.86;0.02;-1.42
0.01;-0.01;1.14;-0.45;-1.26;0.15;-0.86;-0.02;-1.42
0.01;-0.02;1.15;-2.55;-5.58;-0.02;-0.93;-0.19;-1.42
0.01;-0.02;1.15;-4.95;-13.20;0.15;-1.06;-0.54;-1.41
0.01;0.34;1.12;-0.77;-2.27;15.80;-0.73;-0.60;-0.94
0.16;0.44;1.09;2.21;14.62;-2.86;-0.27;-0.32;-1.02
-0.10;0.73;1.24;0.19;-2.42;-2.07;0.32;-0.38;-1.12
-0.20;0.93;1.29;1.58;-6.10;34.02;0.99;-0.44;-0.17
-0.07;0.73;1.17;6.06;1.26;119.09;1.74;-0.36;2.93
0.11;0.42;1.16;5.11;4.63;111.29;2.20;-0.31;5.93
0.14;0.22;1.04;5.83;10.33;60.31;2.52;-0.15;7.56
0.02;-0.24;1.04;6.23;8.69;25.90;2.37;0.05;8.23
-0.10;-0.48;1.10;2.38;0.39;38.41;1.95;0.14;9.27
-0.13;-0.67;1.23;3.80;4.83;67.90;1.49;0.34;11.10
0.04;-0.82;1.12;0.09;-1.09;62.57;0.75;0.28;12.92
0.17;-0.89;1.10;0.42;0.66;-21.00;0.05;0.19;12.35
-0.00;-0.60;1.09;-0.72;-0.01;-69.38;-0.54;0.19;10.55
-0.11;-0.43;1.13;-1.44;-2.53;-46.80;-0.95;0.20;9.28
-0.03;-0.33;1.19;-2.48;-7.66;-52.54;-1.29;0.01;7.86
-0.09;-0.12;1.13;-1.03;-0.65;-34.80;-1.40;0.07;6.93
-0.22;-0.03;1.33;0.38;-7.31;-8.45;-1.38;0.06;6.70
0.04;-0.01;1.09;-0.32;1.92;-0.72;-1.38;0.08;6.68
0.02;0.00;1.10;-0.39;-1.55;0.02;-1.36;0.02;6.68
0.03;-0.01;1.13;-0.43;-0.36;0.24;-1.36;-0.02;6.68
-0.03;-0.01;1.22;0.12;-3.69;0.01;-1.33;-0.10;6.68
0.03;-0.01;1.10;0.10;0.15;-0.71;-1.31;-0.12;6.67
0.05;-0.02;1.09;-0.20;-0.53;0.06;-1.31;-0.18;6.67
0.01;-0.01;1.14;-0.45;-0.63;-0.07;-1.31;-0.21;6.67
0.02;-0.02;1.14;0.21;0.80;-0.19;-1.30;-0.21;6.66
0.01;-0.01;1.15;0.42;1.53;0.13;-1.27;-0.17;6.66
0.02;-0.02;1.15;0.04;1.18;-0.14;-1.26;-0.16;6.66
0.00;-0.01;1.15;0.30;0.30;0.04;-1.24;-0.15;6.66
0.01;-0.02;1.17;0.30;-0.53;0.71;-1.22;-0.17;6.68
0.00;-0.01;1.17;-0.34;-0.10;0.79;-1.21;-0.17;6.70
-0.14;-0.01;1.17;1.60;2.74;11.11;-1.15;0.05;7.05
-0.23;-0.14;1.18;1.23;2.97;-5.30;-1.21;0.32;6.90
-0.55;-0.09;1.17;-2.19;4.21;-96.22;-1.30;0.90;4.31
-0.60;-0.02;1.18;1.05;4.47;0.10;-1.26;1.53;4.31
2.00;-0.77;2.00;15.08;-146.82;16.57;-1.06;-3.10;4.76
0.06;-0.09;1.31;-0.87;-2.33;-46.71;-1.14;-3.15;3.49
-0.11;-0.02;1.15;-2.40;-6.85;28.93;-1.20;-3.16;4.28
0.24;0.10;1.04;2.38;-1.05;97.15;-1.01;-3.36;6.90
0.57;0.09;0.99;3.40;2.56;127.81;-0.83;-3.78;10.35
0.58;-0.02;0.95;1.08;-1.20;106.47;-0.81;-4.35;13.22
0.44;-0.10;1.09;1.03;4.27;-1.17;-0.84;-4.54;13.19
-0.02;-0.00;1.15;-0.34;-3.27;-0.60;-0.83;-4.52;13.17
0.02;-0.01;1.14;-0.89;-1.53;-0.25;-0.85;-4.49;13.17
0.01;-0.01;1.16;-0.72;-2.91;0.10;-0.86;-4.48;13.17
0.02;-0.02;1.15;0.01;0.68;0.09;-0.86;-4.39;13.17
0.01;-0.01;1.15;0.12;2.40;-0.63;-0.86;-4.24;13.15
0.09;-0.01;1.08;-0.80;11.96;-63.40;-0.87;-3.95;11.51
0.05;0.00;1.14;-0.86;2.27;-73.33;-0.87;-3.86;9.53
0.11;0.04;1.14;-2.45;0.97;-65.49;-0.88;-3.86;7.76
0.36;0.06;1.14;-0.17;-6.83;3.12;-0.83;-4.30;7.84
0.57;-0.01;1.10;2.73;-2.14;107.14;-0.74;-4.82;11.06
0.52;-0.11;1.10;-1.04;-9.49;57.80;-0.82;-5.44;12.56
0.38;-0.07;1.03;-0.45;7.64;-55.49;-0.87;-5.51;11.06
0.14;0.04;1.27;-3.45;-3.03;-51.67;-0.92;-5.60;9.67
0.03;-0.11;1.18;-0.81;0.89;-105.88;-1.03;-5.49;6.91
-0.48;-0.03;1.16;0.79;11.50;-154.91;-1.01;-4.64;2.73
-0.64;0.06;1.15;1.61;4.76;-74.16;-0.90;-3.87;0.73
-0.43;-0.03;1.11;1.29;3.63;15.08;-0.87;-3.28;1.12
-0.46;-0.01;1.14;0.53;-0.08;40.21;-0.85;-2.79;2.21
-0.26;-0.07;1.13;-0.00;-0.22;62.80;-0.90;-2.49;3.84
0.02;-0.02;1.15;4.61;8.95;-0.37;-0.60;-1.89;3.81
-0.02;-0.01;1.13;7.39;11.78;0.21;-0.40;-1.53;3.82
-0.08;-0.32;1.11;1.78;2.13;28.45;-0.65;-1.38;4.56
-0.12;-0.51;1.19;-0.49;-1.26;10.85;-1.07;-1.30;4.86
-0.14;-0.20;1.17;-5.76;-9.03;3.55;-1.38;-1.40;4.96
-0.22;-0.10;1.13;-0.13;3.00;-4.48;-1.44;-1.09;4.84
-0.22;-0.19;1.15;-3.01;-5.35;25.17;-1.65;-1.03;5.55
-0.03;-0.20;1.13;-0.87;0.22;37.99;-1.84;-0.97;6.53
-0.03;-0.03;1.18;2.18;4.86;7.51;-1.77;-0.79;6.74
0.11;0.06;1.13;0.93;1.61;14.24;-1.65;-0.83;7.12
0.25;0.13;1.15;-2.23;-4.68;5.61;-1.56;-1.15;7.25
0.19;0.23;1.12;0.27;-0.59;8.09;-1.33;-1.30;7.47
0.18;0.23;1.19;0.87;2.22;-3.04;-1.08;-1.35;7.39
0.17;0.25;1.13;-0.31;2.36;-36.30;-0.86;-1.40;6.41
-0.05;0.26;1.17;-1.26;-2.07;-19.14;-0.63;-1.39;5.89
0.03;0.22;1.14;-0.49;-0.71;4.15;-0.42;-1.41;6.01
0.14;0.18;1.14;-0.68;0.13;12.96;-0.27;-1.50;6.36
0.09;0.08;1.13;0.73;2.28;6.24;-0.17;-1.49;6.52
0.02;-0.00;1.15;-0.75;-1.21;0.35;-0.19;-1.51;6.53
-0.01;-0.01;1.15;-2.86;-5.29;0.30;-0.28;-1.61;6.54
0.01;-0.01;1.15;-1.64;-2.83;0.04;-0.33;-1.67;6.54
0.01;-0.02;1.15;0.55;1.53;0.36;-0.33;-1.61;6.55
0.01;-0.01;1.15;1.75;2.50;-0.23;-0.29;-1.52;6.55
0.01;-0.01;1.14;-0.37;-0.13;0.04;-0.30;-1.50;6.55
0.01;-0.01;1.15;-0.98;-2.33;0.12;-0.33;-1.54;6.55
0.01;-0.01;1.14;-2.28;-2.56;0.25;-0.40;-1.58;6.56
-0.01;-0.01;1.17;0.36;-0.51;0.39;-0.39;-1.55;6.57
0.02;-0.01;1.14;0.59;1.55;0.07;-0.38;-1.50;6.57
0.00;-0.01;1.15;0.44;0.11;-0.20;-0.37;-1.47;6.56
0.01;-0.01;1.14;0.81;1.72;0.09;-0.35;-1.40;6.57
0.00;-0.01;1.15;0.26;0.79;0.41;-0.34;-1.36;6.58
0.07;-0.01;1.12;-14.48;-25.20;49.55;-0.73;-2.07;7.92
0.50;-0.19;1.20;-3.03;-12.59;43.14;-0.92;-2.76;9.08
0.69;-0.20;1.22;-1.76;-7.76;-20.89;-1.07;-3.42;8.52
0.79;-0.22;1.10;-3.35;-5.61;-82.28;-1.27;-4.12;6.29
0.51;-0.22;1.11;-6.20;-1.40;-147.87;-1.56;-4.49;2.30
-0.07;0.00;1.10;-3.67;1.82;-198.54;-1.62;-4.28;-3.06
-0.81;0.39;1.56;-2.05;12.31;-51.09;-1.46;-3.43;-4.39
-0.88;0.24;1.14;0.33;-10.82;62.93;-1.28;-3.00;-2.69
-0.37;0.00;1.04;4.58;-2.04;179.95;-1.13;-2.60;2.17
-0.06;-0.02;1.10;2.53;3.34;124.24;-1.06;-2.39;5.90
-0.06;0.02;1.08;1.10;-0.04;61.14;-0.99;-2.28;7.55
-0.06;-0.07;1.16;0.45;1.12;13.96;-1.03;-2.15;7.93
0.02;-0.02;1.14;-0.23;-0.34;-0.51;-1.03;-2.13;7.91
0.01;-0.02;1.15;-1.26;-3.72;-0.02;-1.06;-2.20;7.91
-0.10;-0.20;1.13;0.15;-0.13;-21.81;-1.22;-2.08;7.32
-0.05;-0.23;1.17;0.76;11.76;-124.17;-1.39;-1.70;4.09
-0.35;-0.15;1.18;-3.53;2.10;-129.85;-1.57;-1.31;0.59
-0.41;-0.10;1.12;-2.86;4.28;-101.50;-1.69;-0.80;-2.15
-0.65;0.01;1.28;0.27;2.98;-18.27;-1.64;-0.16;-2.70
-0.06;-0.14;1.09;-2.46;-8.42;72.06;-1.81;-0.32;-0.75
0.43;-0.18;1.03;-1.65;-10.62;22.21;-1.96;-0.97;-0.18
0.23;-0.03;1.20;0.27;8.11;-59.14;-1.94;-0.95;-1.77
-0.02;0.18;1.11;0.79;4.02;-9.96;-1.69;-0.80;-2.04
0.26;0.09;1.17;1.13;-0.34;61.28;-1.56;-1.03;-0.45
0.42;0.03;1.15;1.45;0.08;34.27;-1.47;-1.39;0.48
0.35;0.07;1.08;-0.32;4.71;-6.33;-1.40;-1.58;0.30
0.10;0.13;1.16;0.10;5.14;0.89;-1.25;-1.50;0.32
0.11;0.03;1.13;0.33;1.79;5.22;-1.18;-1.49;0.59
0.02;-0.01;1.16;0.12;0.65;-0.22;-1.16;-1.46;0.59
0.01;-0.02;1.15;0.42;1.49;-0.23;-1.14;-1.40;0.58
0.02;-0.02;1.14;-0.14;0.47;0.07;-1.14;-1.38;0.58
0.02;-0.01;1.14;0.19;0.16;0.16;-1.13;-1.37;0.59
0.01;-0.01;1.15;-0.23;-0.37;-0.36;-1.12;-1.37;0.58
0.03;-0.01;1.13;0.18;1.99;-0.05;-1.11;-1.32;0.58
0.01;-0.01;1.15;0.29;-0.18;0.18;-1.09;-1.31;0.58
0.01;-0.02;1.15;0.48;1.37;-0.10;-1.08;-1.25;0.58
0.02;-0.01;1.14;1.55;3.46;-0.39;-1.03;-1.16;0.57
0.02;-0.02;1.14;0.93;1.87;-0.11;-1.00;-1.10;0.56
0.02;-0.01;1.15;1.26;2.39;-0.05;-0.96;-1.04;0.56
0.01;-0.01;1.14;0.53;0.98;0.02;-0.94;-1.00;0.56
0.02;-0.01;1.15;0.90;0.91;-0.33;-0.90;-0.97;0.55
0.01;-0.01;1.14;0.03;0.13;0.19;-0.90;-0.95;0.56
0.01;-0.01;1.14;-0.34;-0.14;-0.17;-0.90;-0.94;0.56
0.01;-0.02;1.13;0.30;0.34;0.33;-0.89;-0.93;0.56
0.01;-0.01;1.14;-0.55;-0.65;0.01;-0.90;-0.94;0.56
-0.15;0.05;1.13;-2.97;-0.30;2.09;-0.91;-0.79;0.62
0.01;-0.02;1.14;0.35;1.31;-0.11;-0.91;-0.74;0.62
0.01;-0.01;1.14;0.07;0.34;-0.23;-0.90;-0.73;0.61
0.01;-0.02;1.15;0.04;0.34;0.24;-0.89;-0.72;0.62
0.01;-0.02;1.15;-0.42;-1.69;0.01;-0.91;-0.78;0.62
0.01;-0.01;1.14;-0.08;-0.53;-0.31;-0.91;-0.80;0.61
0.01;-0.02;1.15;0.09;1.14;0.25;-0.91;-0.76;0.62
-0.01;-0.00;1.12;-2.17;-0.02;-0.56;-0.95;-0.73;0.60
0.10;-0.19;1.16;-6.08;-12.04;28.94;-1.27;-1.12;1.38
0.23;-0.20;1.07;2.03;2.13;8.77;-1.36;-1.25;1.62
0.29;-0.27;1.10;-1.13;-5.64;15.99;-1.59;-1.61;2.05
0.23;-0.26;1.13;-2.20;-5.23;14.12;-1.83;-1.90;2.43
0.19;-0.38;1.15;-2.14;-6.50;2.83;-2.16;-2.18;2.51
-0.06;-0.27;1.13;1.20;3.89;56.48;-2.35;-1.98;3.98
0.20;-0.52;1.23;0.55;1.23;80.15;-2.69;-2.04;6.46
0.47;-0.61;1.25;-2.29;-1.73;-8.16;-3.08;-2.33;6.24
0.13;-0.26;1.21;-3.77;2.98;-126.02;-3.34;-2.31;2.84
-0.29;0.20;1.13;-3.48;4.77;-136.75;-3.20;-1.89;-0.85
-0.82;0.57;1.15;3.90;12.86;-50.27;-2.72;-1.00;-2.21
-0.56;0.37;1.14;3.20;4.33;103.77;-2.33;-0.46;0.59
0.03;0.29;1.14;-0.43;-3.50;91.15;-2.02;-0.57;3.05
0.06;0.47;1.13;-2.23;-3.21;10.44;-1.61;-0.69;3.34
-0.19;0.61;1.22;-0.35;1.76;-9.59;-1.12;-0.51;3.08
0.12;0.01;1.19;-2.74;-6.73;2.51;-1.16;-0.79;3.14
0.02;-0.01;1.14;-2.17;-5.76;0.01;-1.21;-0.97;3.14
0.05;0.17;1.17;-3.90;-13.32;-5.23;-1.13;-1.33;3.01
0.24;0.37;1.13;-2.22;-5.15;-24.62;-0.87;-1.63;2.34
0.35;0.40;1.06;-2.22;0.39;-82.69;-0.59;-1.85;0.11
0.27;0.17;0.93;1.10;24.01;-140.07;-0.39;-1.46;-3.67
0.04;0.25;1.07;-2.43;-0.59;-109.29;-0.19;-1.48;-6.62
-0.04;0.44;1.17;-2.95;-6.74;-64.92;0.13;-1.59;-8.37
0.01;0.25;1.18;-1.81;-3.14;-24.42;0.32;-1.66;-9.03
0.31;-0.17;1.01;-0.93;1.26;-35.21;0.14;-1.88;-9.98
-0.01;-0.40;1.22;-0.06;0.95;-51.78;-0.23;-1.81;-11.38
-0.45;-0.51;1.18;-0.28;-5.18;17.83;-0.58;-1.63;-10.83
-0.25;-0.33;1.19;-0.22;-4.34;74.65;-0.83;-1.53;-8.81
0.02;-0.38;1.05;4.76;0.27;47.52;-1.09;-1.50;-7.58
0.06;-0.21;1.01;1.72;5.40;12.45;-1.24;-1.39;-7.24
-0.09;-0.00;1.23;-0.23;2.89;-53.47;-1.22;-1.21;-8.63
-0.78;0.46;1.20;12.94;25.49;-66.27;-0.27;0.62;-12.08
-0.38;0.29;1.12;-3.26;-6.51;86.30;-0.13;0.74;-9.75
0.16;0.21;1.15;5.55;2.53;115.09;0.20;0.66;-6.64
0.78;-0.17;1.19;-6.37;-17.05;92.62;-0.08;-0.40;-4.14
0.63;-0.42;1.10;-0.06;1.92;-48.57;-0.35;-0.79;-5.60
-0.09;-0.11;1.17;0.50;2.59;-58.68;-0.43;-0.62;-7.18
-0.15;-0.09;1.10;-0.03;-3.35;36.33;-0.50;-0.55;-6.16
0.15;-0.35;1.22;0.99;-1.75;88.99;-0.75;-0.69;-3.85
0.31;-0.53;1.17;0.23;2.66;8.28;-1.12;-0.82;-3.63
0.01;-0.02;1.14;3.80;8.77;-0.22;-1.02;-0.58;-3.63
-0.06;-0.05;1.14;7.03;12.76;-0.13;-0.87;-0.17;-3.64
-0.36;-0.57;1.10;-0.05;4.02;24.99;-1.27;0.18;-2.96
-0.21;-0.54;1.19;-3.90;-6.31;17.08;-1.77;0.16;-2.52
-0.16;-0.43;1.17;-4.08;-4.27;-33.47;-2.20;0.15;-3.45
-0.50;-0.20;1.18;9.58;19.98;4.07;-2.00;1.15;-3.33
0.08;-0.21;1.10;-0.49;-4.33;93.81;-2.18;0.95;-0.89
0.36;-0.20;1.16;-1.19;-0.30;-35.93;-2.32;0.63;-1.86
-0.14;0.36;1.13;-1.07;4.31;-100.07;-1.99;0.83;-4.56
-0.07;0.70;1.11;-3.47;-0.97;-15.73;-1.42;0.83;-4.97
0.35;0.66;1.11;-1.74;-0.01;53.12;-0.95;0.59;-3.54
0.51;0.40;1.16;-0.20;-1.87;50.50;-0.67;0.16;-2.17
0.37;0.18;1.16;-3.07;-6.24;-2.54;-0.60;-0.31;-2.24
0.09;0.07;1.10;-4.78;-4.65;-23.88;-0.65;-0.51;-2.89
0.01;0.02;1.15;-6.03;-11.11;-2.94;-0.77;-0.80;-2.96
0.01;-0.02;1.15;1.14;1.87;-0.23;-0.75;-0.74;-2.97
0.02;-0.01;1.13;3.97;9.47;-0.31;-0.64;-0.48;-2.98
-0.01;-0.01;1.17;4.19;8.39;-0.27;-0.52;-0.24;-2.99
0.03;-0.02;1.11;1.37;3.61;-0.14;-0.50;-0.18;-2.99
-0.09;0.01;1.15;1.20;1.31;18.96;-0.44;-0.05;-2.48
0.03;-0.04;1.14;-1.42;-2.89;21.90;-0.51;-0.15;-1.91
0.06;0.06;1.14;-1.18;-2.77;6.73;-0.48;-0.27;-1.73
0.01;-0.02;1.15;-0.31;-0.69;-0.13;-0.49;-0.30;-1.73
0.01;-0.01;1.15;-0.14;-0.76;-0.11;-0.50;-0.32;-1.73
0.01;-0.02;1.15;-0.05;-0.30;-0.16;-0.51;-0.33;-1.74
0.01;-0.01;1.15;-0.23;-0.79;0.25;-0.52;-0.35;-1.73
0.00;-0.01;1.14;-0.89;-1.14;0.15;-0.54;-0.38;-1.73
0.00;-0.01;1.15;0.76;0.37;-0.02;-0.52;-0.36;-1.73
0.00;-0.02;1.14;0.64;1.08;-0.37;-0.51;-0.33;-1.74
-0.08;-0.43;1.20;2.09;6.85;-19.67;-0.82;-0.09;-2.27
-0.09;-0.55;1.22;0.42;-1.85;18.21;-1.25;-0.08;-1.77
0.24;-0.89;1.12;-5.82;-12.45;70.94;-2.04;-0.53;0.07
0.45;-0.95;1.16;-4.87;-9.17;14.25;-2.74;-1.00;0.45
0.25;-0.82;1.24;-2.71;-1.35;-65.91;-3.33;-1.16;-1.33
-0.07;-0.27;1.16;-1.62;5.02;-104.94;-3.58;-0.88;-5.52
-0.04;0.06;1.05;-1.04;7.40;-80.48;-3.46;-0.64;-7.62
-0.07;0.40;1.20;-1.84;3.72;-87.70;-3.09;-0.48;-9.98
-0.13;0.54;1.12;-5.21;-5.21;-106.36;-2.69;-0.51;-12.75
-0.28;0.83;1.13;-3.26;2.42;-106.02;-2.12;-0.28;-15.61
-0.47;1.00;1.14;7.48;17.73;-54.42;-1.24;0.47;-17.13
0.23;0.88;1.49;3.14;-36.28;13.86;-0.59;-0.58;-16.77
0.06;-0.01;1.19;0.76;2.65;-1.21;-0.57;-0.55;-16.81
0.00;-0.01;1.14;-4.57;-9.78;-0.04;-0.69;-0.80;-16.81
0.03;-0.01;1.12;-6.75;-9.09;0.30;-0.85;-1.05;-16.80
-0.18;0.69;1.15;-3.06;-8.47;45.67;-0.38;-1.17;-15.39
-0.34;1.04;1.22;1.31;-0.86;49.40;0.34;-1.00;-14.00
-0.20;0.64;1.16;5.66;9.82;28.70;0.98;-0.60;-13.26
-0.04;0.43;1.21;-1.13;-10.54;61.31;1.31;-0.85;-11.60
0.03;0.33;0.98;3.42;7.17;48.16;1.82;-0.50;-9.19
-0.07;-0.28;1.19;2.29;-6.31;100.31;1.59;-0.60;-6.48
0.21;-0.92;1.15;0.94;-8.66;110.96;0.90;-0.92;-3.60
0.03;-0.76;1.15;1.84;-0.83;110.68;0.27;-0.95;-0.61
0.20;-0.84;1.06;3.26;2.31;104.22;-0.32;-0.99;2.31
0.32;-0.78;1.15;3.72;6.98;19.14;-0.78;-0.98;2.80
-0.05;-0.60;1.08;0.38;4.19;-43.06;-1.31;-0.80;1.47
-0.03;-0.08;1.15;0.90;4.76;-0.92;-1.34;-0.63;1.44
0.01;-0.02;1.14;0.87;2.47;0.01;-1.31;-0.56;1.45
0.00;-0.01;1.16;-0.46;-0.04;0.38;-1.30;-0.55;1.46
-0.00;-0.02;1.15;-2.69;-6.68;-0.10;-1.37;-0.72;1.45
-0.11;0.62;1.14;-3.19;-1.44;-28.08;-0.89;-0.67;0.69
-0.18;0.51;1.16;2.19;5.37;15.41;-0.40;-0.39;1.11
0.62;0.29;0.91;-0.84;6.74;-2.10;-0.20;-0.76;1.06
0.21;0.48;0.97;-2.08;-11.06;13.02;0.19;-1.20;1.41
0.01;0.66;1.07;-0.86;5.81;-13.55;0.79;-1.04;1.04
-0.07;0.58;1.19;-0.71;-3.32;54.10;1.24;-1.07;2.66
0.18;0.01;1.04;1.10;-9.66;77.15;1.26;-1.50;4.75
-0.00;-0.06;1.19;0.19;-5.18;43.48;1.18;-1.61;5.92
-0.04;-0.28;1.14;-1.87;-10.43;53.22;0.84;-1.81;7.36
0.21;-0.62;1.00;1.42;5.17;43.37;0.32;-1.79;8.53
0.05;-0.76;1.24;1.05;-2.25;5.77;-0.27;-1.84;8.68
0.17;-0.74;1.04;0.32;1.14;7.84;-0.89;-1.88;8.89
0.11;-0.57;1.08;-0.08;4.98;0.41;-1.38;-1.78;8.90
-0.07;-0.45;1.10;0.74;5.14;-7.01;-1.75;-1.57;8.72
0.03;-0.02;1.14;1.32;3.35;-0.07;-1.70;-1.48;8.72
-0.34;-0.65;1.16;2.70;6.48;-6.72;-2.06;-1.04;8.51
-0.47;-0.71;1.17;-2.39;-2.95;-46.62;-2.55;-0.81;7.30
-0.39;-0.30;1.15;-2.86;-6.16;-14.85;-2.80;-0.67;6.88
-0.18;-0.06;1.14;-0.00;-3.37;41.93;-2.79;-0.57;8.01
0.24;-0.10;1.09;3.78;-3.09;1.02;-2.73;-0.86;8.04
0.12;0.11;1.03;-1.15;4.31;-18.95;-2.59;-0.85;7.53
-0.03;0.46;1.20;-0.80;3.63;27.87;-2.15;-0.72;8.25
0.22;0.44;1.04;-0.16;-6.16;58.10;-1.73;-1.04;9.82
0.30;0.30;1.11;1.81;0.27;61.80;-1.41;-1.25;11.55
0.35;0.16;1.10;-0.60;2.57;12.27;-1.27;-1.47;11.87
0.10;0.02;1.18;-0.22;1.26;-21.24;-1.23;-1.50;11.21
0.00;0.03;1.17;-0.05;-1.12;-12.45;-1.18;-1.51;10.88
0.04;0.02;1.17;-0.45;2.27;-0.11;-1.14;-1.45;10.87
0.12;0.03;1.11;0.65;1.50;3.66;-1.07;-1.50;10.98
0.07;0.02;1.14;-0.52;-0.76;-0.74;-1.04;-1.56;10.96
0.02;-0.01;1.14;-0.05;1.47;-0.40;-1.04;-1.51;10.95
0.02;-0.02;1.16;-0.66;-2.14;0.15;-1.06;-1.55;10.95
0.02;-0.01;1.15;0.15;0.73;-0.36;-1.04;-1.52;10.94
0.01;-0.01;1.16;0.30;0.11;0.01;-1.03;-1.50;10.94
0.01;-0.02;1.16;-0.25;-0.54;0.10;-1.03;-1.50;10.94
0.02;-0.02;1.15;-0.57;-0.40;-0.57;-1.04;-1.50;10.93
0.01;-0.02;1.15;0.55;-0.18;-0.57;-1.02;-1.48;10.91
0.01;-0.02;1.15;-0.19;-0.79;-0.05;-1.02;-1.49;10.91
0.01;-0.02;1.14;-0.78;-2.11;-0.39;-1.05;-1.53;10.90
0.02;-0.02;1.15;-1.04;-3.81;-0.04;-1.07;-1.62;10.90
0.02;-0.02;1.14;-0.37;-1.44;-0.34;-1.08;-1.65;10.89
0.02;-0.02;1.14;-0.84;-0.95;-0.04;-1.10;-1.66;10.89
0.02;-0.02;1.14;0.01;0.45;-0.33;-1.10;-1.63;10.88
0.22;-0.29;1.11;1.40;7.46;-45.85;-1.28;-1.59;9.64
-0.15;-0.49;1.17;-0.83;3.47;-90.80;-1.68;-1.36;7.28
-0.22;-0.68;1.08;-2.80;-2.21;-34.20;-2.28;-1.26;6.22
-0.04;-0.77;1.14;-2.37;-3.89;20.25;-2.96;-1.31;6.79
0.26;-0.46;1.05;-2.74;-0.66;-10.98;-3.43;-1.52;6.22
0.02;-0.09;1.14;0.77;13.61;-39.01;-3.43;-1.16;5.20
-0.21;0.14;1.15;1.22;2.56;-12.51;-3.21;-0.88;4.86
0.04;0.08;1.14;-0.26;-2.13;28.83;-3.07;-0.95;5.64
0.24;0.15;1.12;-2.89;-3.81;-24.94;-2.95;-1.24;4.99
0.12;0.42;1.24;-3.04;1.08;-84.17;-2.63;-1.27;2.64
-0.00;0.55;1.11;-3.36;3.98;-98.02;-2.14;-1.14;-0.01
-0.09;0.54;1.10;-2.23;10.36;-76.31;-1.67;-0.79;-1.99
-0.17;0.38;1.21;0.64;1.58;17.06;-1.31;-0.59;-1.31
0.37;0.26;1.43;1.80;-21.00;17.48;-1.07;-1.38;-0.84
-0.06;0.33;1.28;-1.01;-1.20;-3.76;-0.79;-1.34;-0.94
0.06;-0.01;1.06;-0.28;-1.14;0.30;-0.80;-1.41;-0.93
0.20;0.49;1.10;-2.37;-4.24;-23.50;-0.43;-1.64;-1.56
-0.02;0.42;1.16;1.10;6.80;-21.03;-0.00;-1.42;-2.11
-0.02;0.59;1.11;0.32;-0.92;24.41;0.56;-1.40;-1.43
0.04;0.51;1.04;2.81;4.42;48.15;1.13;-1.28;-0.13
-0.10;0.41;1.13;2.97;2.15;49.29;1.55;-1.13;1.15
-0.20;0.49;1.17;2.88;-0.57;119.64;2.00;-0.99;4.86
0.06;0.29;1.03;4.04;0.40;137.89;2.36;-1.01;8.59
0.27;0.04;1.14;3.11;-0.88;99.17;2.43;-1.28;11.16
-0.02;-0.28;1.22;2.16;1.24;7.51;2.19;-1.20;11.38
-0.27;-0.26;1.18;2.82;0.05;7.61;2.01;-0.96;11.57
-0.33;-0.46;1.20;2.84;0.13;44.73;1.71;-0.71;12.78
-0.19;-0.55;1.23;2.59;-5.29;73.29;1.32;-0.71;14.76
0.10;-0.48;1.20;2.35;-3.11;73.84;0.95;-0.85;16.68
0.12;-0.44;1.13;1.11;4.77;8.12;0.57;-0.79;16.90
0.17;-0.24;1.14;-0.19;0.69;-9.07;0.35;-0.90;16.65
0.35;0.01;0.96;-2.32;-0.21;-62.36;0.29;-1.29;14.97
0.15;0.29;1.21;-1.88;-4.53;-38.04;0.47;-1.51;13.83
0.34;0.24;1.03;-1.58;-7.49;-34.49;0.62;-1.98;12.86
0.22;0.35;1.17;-0.64;-4.98;-42.89;0.87;-2.24;11.75
0.12;0.28;1.18;-0.72;0.79;-66.20;1.07;-2.27;9.96
-0.05;-0.05;1.24;-3.27;3.12;-104.98;0.92;-2.09;7.13
-0.13;-0.05;1.21;-0.95;-4.45;-66.85;0.84;-2.05;5.32
-0.25;-0.20;1.26;-0.26;-0.62;-26.22;0.67;-1.83;4.61
-0.27;-0.28;1.23;2.52;1.34;44.89;0.51;-1.56;5.83
-0.09;-0.57;1.15;2.74;-0.28;60.86;0.07;-1.47;7.47
-0.02;-0.78;1.16;0.07;1.11;-8.56;-0.59;-1.40;7.20
-0.33;0.01;1.19;1.89;1.06;2.39;-0.53;-1.03;7.27
-0.42;-0.47;1.16;1.37;-2.94;78.89;-0.81;-0.80;9.40
0.01;-0.78;1.12;2.21;-1.75;124.39;-1.43;-0.84;12.88
-0.06;-0.78;1.14;0.77;4.73;14.36;-2.04;-0.67;13.25
-0.19;-0.55;1.19;-0.49;-4.10;24.67;-2.45;-0.64;13.92
0.12;-0.41;1.13;-0.69;-1.43;29.49;-2.78;-0.75;14.68
0.09;-0.31;1.07;-2.64;-1.27;-23.21;-3.09;-0.85;14.06
-0.05;-0.15;1.10;-2.02;1.57;-45.47;-3.23;-0.74;12.78
1.04;0.16;0.48;0.74;-28.53;-78.68;-3.03;-2.62;10.74
0.07;0.65;1.11;-1.09;5.67;-18.66;-2.43;-2.44;10.16
0.17;0.45;1.13;-3.55;-5.56;7.18;-2.09;-2.66;10.35
0.14;0.53;1.25;-1.56;-2.33;-2.86;-1.68;-2.76;10.28
0.32;0.46;1.05;-1.64;-3.92;-52.27;-1.31;-3.05;8.87
-0.04;0.33;1.03;-2.71;-0.34;-86.77;-1.01;-2.96;6.52
-0.25;0.01;1.19;-0.49;-0.24;-30.51;-0.99;-2.67;5.70
-0.09;-0.11;1.17;-0.58;-1.06;15.67;-1.09;-2.57;6.12
0.09;-0.04;1.16;1.11;-5.15;23.78;-1.07;-2.74;6.74
0.13;-0.00;1.27;-0.11;-4.62;-8.74;-1.06;-2.92;6.51
-0.06;0.12;1.26;-1.44;1.46;-48.68;-0.97;-2.77;5.20
0.01;0.09;1.08;-0.40;1.08;17.98;-0.88;-2.67;6.21
0.09;0.10;1.07;-1.07;-4.91;15.75;-0.79;-2.84;6.63
0.08;0.12;1.12;0.52;0.19;14.01;-0.65;-2.85;7.01
0.01;-0.02;1.16;-0.14;-0.74;0.28;-0.66;-2.82;7.02
0.02;-0.01;1.15;-0.45;-1.66;2.82;-0.67;-2.83;7.09
0.02;-0.02;1.13;-0.19;-0.79;0.19;-0.68;-2.81;7.10
0.02;-0.01;1.15;-0.29;-0.91;-0.30;-0.69;-2.80;7.09
0.02;-0.07;1.16;-1.23;-3.87;2.83;-0.77;-2.86;7.17
0.12;-0.16;1.21;-2.00;-9.73;19.02;-0.94;-3.16;7.66
0.41;-0.04;1.15;-2.87;-13.69;-0.08;-1.03;-3.85;7.66
0.63;0.04;1.13;0.77;-3.75;9.69;-0.96;-4.45;7.95
0.72;0.19;1.09;0.39;12.50;-34.75;-0.81;-4.62;7.01
0.37;0.07;1.17;-0.28;7.31;-63.98;-0.75;-4.66;5.28
-0.02;0.06;1.17;-2.02;8.33;-127.82;-0.73;-4.34;1.96
-0.30;0.08;1.25;-1.48;-1.41;-72.14;-0.70;-4.04;0.01
-0.39;-0.02;1.24;1.58;2.15;-30.22;-0.66;-3.56;-0.80
-0.56;0.04;1.16;2.73;8.60;-0.95;-0.54;-2.76;-0.83
-0.37;-0.10;1.14;2.47;2.31;43.52;-0.54;-2.31;0.35
-0.29;-0.09;1.16;0.94;-3.02;53.80;-0.57;-2.08;1.80
-0.11;-0.08;1.05;1.46;0.66;63.43;-0.60;-1.91;3.45
-0.08;-0.17;1.18;0.53;-3.64;37.34;-0.72;-1.91;4.57
0.02;-0.07;1.12;-0.23;-1.23;0.28;-0.79;-1.93;4.58
-0.11;-0.22;1.15;-1.45;-1.52;-10.42;-1.01;-1.84;4.31
-0.25;-0.20;1.17;0.33;5.57;-68.08;-1.14;-1.45;2.47
-0.61;-0.27;1.19;1.81;11.34;-72.51;-1.24;-0.66;0.51
-0.75;-0.14;1.15;-0.02;8.16;-5.98;-1.30;0.17;0.35
-0.42;0.00;1.12;-2.48;-0.89;82.73;-1.34;0.55;2.58
0.10;-0.19;1.13;-2.64;-12.30;100.97;-1.56;0.13;5.21
0.26;0.03;1.09;-8.40;-17.90;-86.78;-1.72;-0.61;2.86
0.34;0.23;1.07;1.36;10.47;-49.87;-1.46;-0.61;1.52
0.50;0.10;1.05;1.87;-3.79;86.19;-1.29;-1.21;4.96
0.54;-0.08;1.02;-0.49;-0.48;16.02;-1.33;-1.72;5.38
0.17;0.03;1.13;-0.17;0.97;-17.59;-1.28;-1.83;4.91
0.04;0.01;1.13;-1.36;-4.28;4.47;-1.28;-1.94;5.03
0.16;-0.16;1.16;-0.37;-5.34;45.06;-1.40;-2.19;6.24
0.60;-0.49;1.08;-0.46;-12.62;65.09;-1.71;-2.90;8.00
0.92;-0.68;1.04;-8.93;-25.05;-61.78;-2.29;-4.06;6.33
0.29;-0.49;1.18;-7.84;1.55;-201.11;-2.82;-4.14;0.90
-0.42;-0.03;1.12;-1.21;21.37;-221.36;-2.82;-3.07;-5.29
-0.73;0.24;1.18;2.50;14.50;-66.46;-2.56;-2.09;-7.02
-0.24;0.25;1.13;2.55;5.09;70.06;-2.22;-1.69;-4.85
0.06;0.30;1.18;1.90;4.42;43.08;-1.86;-1.59;-3.69
0.08;0.29;1.12;0.27;-0.45;-13.40;-1.54;-1.64;-4.05
-0.12;0.36;1.16;-1.99;-2.94;-31.00;-1.25;-1.60;-4.89
-0.19;0.22;1.09;2.88;7.49;10.25;-0.96;-1.21;-4.62
-1.31;0.22;2.00;-8.42;-10.59;-18.04;-1.09;-0.85;-5.11
0.01;-0.00;1.06;-0.98;-0.68;-10.36;-1.09;-0.86;-5.39
-0.01;0.01;1.10;-0.45;1.75;-19.62;-1.07;-0.79;-5.92
-0.06;-0.00;1.12;0.45;0.95;-1.64;-1.04;-0.69;-5.96
-0.04;-0.10;1.19;0.13;-2.62;20.86;-1.11;-0.72;-5.31
0.10;-0.04;1.06;-0.11;-1.08;3.00;-1.14;-0.83;-5.24
0.00;-0.01;1.15;-0.63;-0.37;0.50;-1.14;-0.83;-5.22
-0.06;-0.00;1.21;-1.41;-7.37;-0.10;-1.16;-0.95;-5.22
-0.02;-0.01;1.16;-4.16;-19.35;0.96;-1.26;-1.40;-5.20
0.06;-0.04;1.11;-3.93;-14.86;0.42;-1.37;-1.83;-5.19
0.02;-0.02;1.16;-0.69;-2.43;0.13;-1.38;-1.87;-5.18
0.03;-0.02;1.15;-2.20;-7.85;0.24;-1.44;-2.07;-5.18
0.03;-0.02;1.13;-0.00;0.60;-0.28;-1.43;-2.03;-5.19
0.02;-0.02;1.15;-0.16;-0.10;0.06;-1.43;-2.01;-5.19
0.00;-0.02;1.18;0.59;0.94;-0.13;-1.41;-1.95;-5.19
0.03;-0.03;1.13;-0.49;-2.42;0.21;-1.42;-2.00;-5.19
0.02;-0.02;1.15;0.33;2.45;-0.34;-1.40;-1.91;-5.20
0.03;-0.02;1.14;-0.34;-0.25;-0.25;-1.40;-1.91;-5.21
0.02;-0.03;1.14;0.12;0.33;-0.33;-1.39;-1.89;-5.21
0.03;-0.02;1.15;0.15;0.44;0.09;-1.39;-1.87;-5.21
0.02;-0.02;1.15;0.24;0.04;0.04;-1.37;-1.85;-5.21
0.02;-0.02;1.16;-0.39;-0.18;0.12;-1.37;-1.84;-5.21
0.02;-0.02;1.15;-0.23;-1.46;-0.05;-1.37;-1.86;-5.21
0.01;-0.03;1.16;0.33;0.44;-0.01;-1.36;-1.83;-5.21
0.03;-0.02;1.15;-0.78;-1.05;0.07;-1.38;-1.85;-5.21
0.03;-0.02;1.14;-0.26;-1.31;-0.01;-1.38;-1.88;-5.21
0.02;-0.02;1.16;0.06;-0.88;-0.31;-1.37;-1.88;-5.22
0.01;-0.02;1.15;-0.71;-1.64;0.33;-1.38;-1.90;-5.21
0.03;-0.03;1.13;0.77;3.38;-0.28;-1.36;-1.81;-5.21
0.02;-0.02;1.16;-0.14;-1.61;0.10;-1.36;-1.83;-5.21
0.03;-0.02;1.14;0.03;0.05;0.12;-1.35;-1.82;-5.21
0.02;-0.02;1.16;-0.02;-0.21;-0.30;-1.34;-1.80;-5.22
0.03;-0.03;1.16;-0.68;-2.19;-0.42;-1.36;-1.85;-5.23
0.02;-0.02;1.16;-0.20;-1.02;0.06;-1.35;-1.86;-5.23
0.06;-0.04;1.10;0.23;2.65;0.10;-1.36;-1.80;-5.22
0.02;-0.02;1.15;0.13;0.04;-0.14;-1.35;-1.78;-5.23
0.03;-0.02;1.13;0.35;0.98;0.04;-1.34;-1.75;-5.23
0.02;-0.02;1.14;0.56;1.21;-0.19;-1.32;-1.71;-5.23
0.02;-0.03;1.15;-0.00;0.40;0.07;-1.31;-1.69;-5.23
0.02;-0.03;1.14;-0.05;0.48;-0.31;-1.32;-1.66;-5.24
0.03;-0.02;1.15;0.18;-0.42;-0.10;-1.31;-1.67;-5.24
0.02;-0.02;1.14;-0.37;-0.54;0.07;-1.31;-1.67;-5.24
0.03;-0.03;1.15;-0.10;-0.05;-0.13;-1.31;-1.67;-5.24
0.02;-0.02;1.16;0.07;0.28;0.54;-1.31;-1.65;-5.23
0.03;-0.02;1.14;0.32;-0.13;0.01;-1.30;-1.64;-5.23
0.02;-0.02;1.15;0.06;0.98;0.22;-1.29;-1.61;-5.22
0.02;-0.02;1.14;-0.71;-1.47;-0.43;-1.30;-1.64;-5.23
0.02;-0.02;1.15;0.13;-1.14;0.27;-1.28;-1.65;-5.22
0.02;-0.02;1.15;-0.93;-3.43;-0.01;-1.30;-1.73;-5.22
0.04;-0.03;1.13;-0.23;0.15;-0.02;-1.32;-1.73;-5.23
0.03;-0.02;1.14;-0.06;-0.69;0.31;-1.31;-1.74;-5.22
0.02;-0.02;1.15;-0.03;-0.73;0.07;-1.31;-1.74;-5.21
0.02;-0.02;1.15;0.01;-0.91;-0.16;-1.30;-1.76;-5.22
0.02;-0.02;1.14;0.23;1.17;-0.04;-1.29;-1.72;-5.22
0.03;-0.02;1.15;1.22;2.79;-0.01;-1.25;-1.63;-5.22
0.00;-0.02;1.16;1.65;4.62;-0.43;-1.20;-1.48;-5.23
0.03;-0.02;1.14;-1.64;-4.21;0.19;-1.24;-1.58;-5.23
0.02;-0.02;1.15;1.11;5.46;0.12;-1.21;-1.44;-5.22
0.04;0.05;1.16;-1.64;-15.24;47.57;-1.19;-1.85;-3.94
0.01;-0.07;1.15;1.05;0.89;32.25;-1.20;-1.80;-3.04
0.04;-0.02;1.13;0.61;-0.95;29.98;-1.19;-1.82;-2.26
0.03;0.00;1.15;0.01;-4.04;35.73;-1.16;-1.92;-1.29
0.02;-0.06;1.14;1.58;2.39;28.01;-1.16;-1.84;-0.54
0.03;-0.04;1.14;2.10;2.76;27.38;-1.11;-1.76;0.20
0.03;-0.01;1.15;2.62;5.82;28.50;-1.00;-1.52;1.34
0.02;0.00;1.15;1.57;-1.55;49.83;-0.93;-1.55;2.69
0.02;-0.01;1.14;0.19;-2.98;46.60;-0.92;-1.62;3.95
0.04;-0.00;1.15;0.33;-2.60;33.49;-0.90;-1.69;4.85
0.02;-0.08;1.15;1.19;4.07;8.86;-0.92;-1.57;5.09
0.04;-0.03;1.13;3.25;11.17;-0.01;-0.78;-1.04;5.09
0.01;-0.03;1.15;0.06;-0.18;-0.17;-0.79;-1.03;5.09
0.02;-0.02;1.14;-1.04;-4.13;0.16;-0.82;-1.14;5.09
0.02;-0.03;1.15;-0.37;-1.82;0.13;-0.84;-1.18;5.09
0.01;-0.02;1.16;-1.84;-8.39;0.24;-0.89;-1.38;5.10
0.03;-0.02;1.15;-0.35;-1.64;0.10;-0.90;-1.43;5.10
0.03;-0.03;1.15;-0.02;-0.48;0.31;-0.91;-1.45;5.11
0.01;-0.02;1.17;-0.78;-1.27;-0.07;-0.93;-1.46;5.11
0.07;-0.04;1.10;-0.28;0.71;-0.52;-0.95;-1.48;5.09
0.04;-0.02;1.13;-0.05;-0.68;-0.30;-0.96;-1.50;5.09
0.02;-0.04;1.14;-0.37;-1.66;-1.70;-0.99;-1.54;5.04
0.04;-0.00;1.15;0.24;1.02;-13.62;-0.96;-1.52;4.66
0.03;-0.02;1.14;0.29;0.48;0.22;-0.96;-1.50;4.67
0.03;-0.02;1.14;1.40;5.09;0.22;-0.92;-1.37;4.67
0.02;-0.02;1.15;0.96;4.45;0.15;-0.89;-1.24;4.68
0.02;-0.01;1.15;-1.45;-5.37;-0.08;-0.93;-1.40;4.67
0.04;-0.02;1.13;0.01;-0.36;-0.04;-0.94;-1.42;4.67
0.02;-0.03;1.14;-0.68;-3.60;-0.45;-0.96;-1.50;4.66
0.07;0.02;1.14;1.22;5.00;-6.27;-0.89;-1.41;4.50
0.01;-0.02;1.16;5.19;15.78;-0.31;-0.75;-0.97;4.49
0.05;-0.03;1.13;0.96;4.60;-0.08;-0.74;-0.88;4.49
0.02;-0.02;1.15;-0.57;-1.72;0.24;-0.76;-0.92;4.49
0.03;-0.02;1.13;0.41;1.11;0.30;-0.75;-0.90;4.50
0.02;-0.02;1.16;0.99;3.17;-0.17;-0.74;-0.82;4.50
