ACCX;ACCY;ACCZ;GYROX;GYROY;GYROZ
0.04;-0.02;1.14;-1.54;2.55;-13.82
0.05;-0.01;1.14;-2.24;2.58;-22.63
0.05;-0.02;1.15;-2.32;2.56;-26.67
0.05;-0.02;1.15;-2.58;4.09;-33.83
0.05;-0.01;1.14;-1.97;3.80;-31.07
0.04;-0.01;1.14;-1.56;2.75;-17.44
0.04;-0.02;1.15;-2.53;1.13;-19.86
0.04;-0.01;1.16;-1.86;1.76;-19.15
0.04;-0.01;1.16;-1.11;0.17;-7.37
0.04;-0.02;1.15;-0.96;0.27;-3.13
0.04;-0.01;1.16;-1.44;-0.17;-2.56
0.05;-0.01;1.15;-0.52;2.02;-2.40
0.05;-0.02;1.14;-1.48;-0.35;-2.35
0.05;-0.02;1.14;-1.40;-0.75;-2.38
0.05;-0.01;1.15;-0.75;1.42;-2.35
0.05;-0.02;1.13;-0.82;1.54;-2.43
0.05;-0.01;1.14;-1.15;1.77;-2.03
0.05;-0.01;1.14;-1.07;1.54;-2.47
0.04;-0.02;1.14;-1.34;1.24;-2.24
0.05;-0.02;1.15;-0.90;0.63;-2.49
0.05;-0.02;1.16;-1.08;1.89;-2.50
0.05;-0.02;1.16;-0.84;1.40;-2.31
0.05;-0.02;1.14;-1.37;1.05;-1.98
0.05;-0.02;1.14;-1.22;1.22;-2.61
0.04;-0.02;1.15;-1.39;1.30;-2.40
0.05;-0.01;1.15;-1.40;0.17;-2.14
0.04;-0.02;1.15;-1.30;0.63;-2.34
0.04;-0.02;1.15;-1.25;-0.38;-2.34
0.05;-0.02;1.14;-1.44;-0.47;-2.29
0.04;-0.01;1.14;-2.05;-1.62;-2.14
0.05;-0.02;1.15;-1.48;-1.50;-2.41
0.06;-0.02;1.14;-1.37;-0.75;-2.43
0.05;-0.02;1.14;-1.40;-1.37;-2.43
0.05;-0.02;1.15;-1.97;-2.50;-4.95
0.04;-0.01;1.15;-1.91;-0.60;-8.82
0.05;-0.02;1.14;-1.19;2.00;-7.21
0.06;-0.02;1.14;-1.08;1.40;-2.72
0.04;-0.02;1.16;-1.47;-0.44;-2.32
0.05;-0.02;1.14;-0.82;2.46;-2.66
0.06;-0.02;1.14;-2.32;-4.11;-0.27
0.03;-0.01;1.20;-1.44;0.34;-4.14
0.03;-0.02;1.17;-0.41;3.16;-2.23
0.05;-0.01;1.14;-1.53;0.93;-2.29
0.06;-0.02;1.15;-0.95;0.99;-2.43
0.07;-0.05;1.12;1.15;6.26;10.03
0.06;-0.02;1.14;-0.03;4.34;-2.85
0.06;0.05;1.14;-0.47;3.62;-6.02
0.08;0.05;1.15;-0.81;8.92;-20.41
0.07;0.02;1.17;-0.75;8.23;-22.34
0.06;0.06;1.17;-1.25;8.05;-24.58
-0.02;0.26;1.20;-0.66;7.25;-19.01
-0.06;0.13;1.13;-1.39;5.94;-30.63
-0.07;0.25;1.21;0.02;6.12;-12.29
0.18;0.14;1.00;1.39;7.77;21.65
0.33;0.25;1.08;-0.18;1.51;15.59
0.23;0.19;1.12;-1.01;2.72;-19.28
-0.06;0.28;1.15;-0.18;1.07;-6.24
-0.10;0.19;1.12;2.05;1.31;25.13
0.01;0.13;1.11;1.28;1.89;20.92
0.13;0.03;1.13;0.06;-2.92;7.37
0.09;-0.03;1.18;-1.56;-0.31;-14.00
-0.11;0.05;1.11;-1.34;1.36;-16.05
-0.21;-0.14;1.13;1.68;4.18;36.70
-0.07;-0.20;1.10;4.61;2.20;83.92
0.61;-0.52;0.66;-4.18;-0.64;-71.04
-0.13;-0.32;1.17;-2.61;-4.03;-16.85
0.09;-0.40;0.97;-1.02;-4.12;-11.11
0.03;-0.41;1.20;-1.01;1.79;-9.88
0.12;-0.43;1.13;-0.76;1.16;-4.61
-0.04;-0.29;1.17;-2.08;-0.69;-4.24
0.02;-0.05;1.15;-0.76;-2.32;16.34
0.25;-0.11;1.11;-2.34;-5.59;24.37
0.03;-0.03;1.19;-0.63;1.77;21.53
0.07;0.07;1.12;-0.93;4.37;-1.51
0.03;-0.02;1.16;-0.67;10.06;-5.73
0.06;-0.01;1.14;-1.77;-1.89;-1.68
0.04;0.01;1.15;-1.30;0.40;-0.09
0.04;-0.02;1.15;-1.65;-3.24;-2.43
0.05;-0.01;1.15;-1.08;-0.43;-2.52
0.05;-0.02;1.14;-0.98;1.27;-2.53
0.05;-0.02;1.14;-0.73;2.52;-2.35
0.04;-0.02;1.14;-0.98;2.14;-2.53
0.05;-0.01;1.13;-0.38;5.28;-2.09
0.00;-0.00;1.16;0.40;3.01;10.76
0.07;-0.02;1.14;0.29;-1.51;17.01
0.04;-0.01;1.14;-0.02;3.69;7.28
0.05;-0.01;1.15;-0.69;2.52;2.50
0.05;-0.02;1.14;-0.84;2.18;0.79
0.04;-0.02;1.15;-0.61;0.85;1.91
0.04;-0.01;1.15;-0.84;0.85;-0.06
0.04;-0.01;1.15;-1.04;0.37;0.96
0.05;-0.01;1.14;-0.47;2.11;-0.61
0.03;-0.01;1.15;-0.27;2.02;2.20
0.04;-0.01;1.15;-0.41;2.00;2.82
0.04;-0.02;1.14;-0.26;2.14;3.54
0.05;-0.01;1.15;-0.09;2.40;2.34
0.04;-0.01;1.15;0.32;4.35;-2.17
0.04;-0.01;1.15;0.93;4.82;-1.79
0.03;-0.01;1.15;1.53;5.95;-0.99
0.03;-0.02;1.14;-0.23;1.42;4.40
0.05;-0.02;1.16;-0.49;1.37;0.15
0.04;-0.17;1.11;0.02;7.40;0.78
0.03;-0.23;1.23;-1.34;-2.15;-8.99
0.05;-0.29;1.09;-4.23;-2.78;-9.56
-0.08;-0.30;1.13;-1.79;-3.92;8.87
-0.11;-0.29;1.29;-0.78;1.71;13.68
-0.03;-0.40;1.25;0.23;-1.74;13.07
0.10;-0.37;1.19;-1.94;0.17;-6.96
0.04;-0.38;1.20;-1.98;0.87;-24.60
0.04;-0.31;1.13;-2.29;-1.40;-14.02
0.02;-0.29;1.17;-2.47;2.35;-26.27
0.04;-0.32;1.18;-3.28;4.95;-41.01
-0.04;-0.24;1.16;-4.37;5.98;-51.19
-0.10;-0.24;1.14;-4.60;2.93;-39.13
-0.10;-0.20;1.20;-3.42;-1.54;-28.15
-0.12;-0.23;1.12;1.13;3.71;-10.44
0.05;-0.23;1.13;-2.87;-1.15;0.38
0.16;-0.14;1.14;-4.49;1.80;-29.36
-0.04;-0.00;1.21;-4.05;0.41;-36.29
-0.02;0.31;1.16;-3.33;0.78;-4.00
0.27;0.38;1.08;-2.41;-2.21;-6.81
0.10;0.38;1.20;-4.84;3.05;-30.84
-0.01;0.44;1.13;-3.27;-1.30;-21.01
0.03;0.32;1.09;-1.92;3.08;-13.42
0.01;0.26;1.11;-1.77;4.12;-8.85
0.01;0.12;1.15;0.27;1.51;5.62
0.17;0.01;1.16;-1.51;4.02;-19.50
0.05;0.06;1.14;-1.33;4.92;-51.13
-0.06;0.17;1.15;-3.62;-0.63;-27.44
0.04;0.09;1.12;-6.37;-3.74;-14.09
0.05;0.19;1.17;-5.79;-8.06;-3.40
0.14;0.15;1.28;-2.23;3.47;-25.86
0.10;0.14;1.12;-4.02;-2.35;-24.38
0.08;0.11;1.06;-3.19;0.70;-28.72
-0.02;0.13;1.17;-0.14;1.30;-5.82
0.05;0.05;1.18;0.32;1.92;-3.48
0.05;0.05;1.20;-0.53;2.34;-11.65
0.03;-0.01;1.14;-1.24;3.54;-10.32
-0.03;-0.12;1.26;2.09;1.86;-15.60
-0.01;-0.04;1.21;-4.44;1.31;-5.66
-0.01;0.02;1.13;0.11;-2.06;5.94
0.06;0.06;1.18;0.14;-1.59;9.07
0.04;0.05;1.17;-1.59;-1.45;5.62
0.06;0.02;1.14;0.03;3.24;1.88
0.03;-0.02;1.15;0.89;4.20;2.34
0.06;-0.01;1.15;-1.63;0.27;3.57
0.06;-0.01;1.14;0.58;3.68;-1.85
0.04;-0.02;1.15;-0.89;0.81;-2.81
0.04;-0.02;1.15;-1.66;-0.05;-2.53
0.05;-0.02;1.16;-0.76;2.02;-3.16
0.04;-0.02;1.14;-1.91;-0.55;-3.19
0.01;-0.00;1.17;0.12;3.21;-2.24
0.09;-0.03;1.07;-1.73;-0.75;-2.08
0.06;-0.02;1.09;-1.76;2.20;-2.66
0.17;-0.03;0.95;-2.20;-2.27;-1.45
0.02;-0.01;1.20;-1.86;-1.53;-1.68
0.04;-0.02;1.16;-3.31;-3.57;-2.20
0.08;0.08;1.14;-2.60;-1.77;-5.66
0.06;0.01;1.15;-1.92;-0.76;-14.43
0.09;0.08;1.13;-2.35;1.68;-26.64
-0.01;0.33;1.15;-1.02;-0.23;-8.29
0.04;0.38;1.13;-0.66;-2.98;2.70
0.04;0.11;1.20;-0.29;0.64;4.15
-0.11;0.07;1.16;0.34;3.89;26.08
0.04;-0.16;1.11;3.69;1.62;59.39
0.25;-0.34;1.17;-0.09;-0.58;24.85
0.16;-0.38;1.21;-2.41;1.86;-32.84
0.00;-0.28;1.14;-2.96;3.28;-45.15
-0.03;-0.14;1.19;-1.11;-0.72;-22.08
0.01;-0.13;1.20;0.11;0.95;-3.33
0.04;-0.09;1.16;0.40;3.27;-2.11
0.04;-0.01;1.14;-0.35;2.92;-2.49
0.03;-0.01;1.14;-0.96;1.07;-2.31
0.04;-0.02;1.14;-1.74;0.14;-2.61
0.05;-0.01;1.14;-0.90;2.31;-7.13
0.04;-0.01;1.15;-3.51;-3.24;-2.52
0.12;0.14;1.10;-4.84;-5.31;-13.56
0.06;0.65;1.12;-2.73;-2.95;-7.98
0.11;0.55;1.07;0.40;6.99;-11.13
0.03;0.09;1.03;0.78;5.36;-5.77
-0.03;-0.11;1.10;0.26;0.64;20.09
-0.06;-0.23;1.12;1.65;2.20;38.14
0.09;-0.51;1.12;2.89;2.11;37.34
0.18;-0.65;1.15;0.08;1.50;10.99
-0.07;-0.28;1.18;-0.75;4.32;-4.82
0.01;-0.01;1.14;3.63;10.05;-0.21
0.04;-0.00;1.15;-1.94;-3.83;18.00
0.03;-0.01;1.13;-1.80;-1.25;-2.43
0.06;-0.00;1.13;-4.47;-7.80;-2.75
0.23;0.79;1.08;-10.09;-4.64;-64.90
0.07;0.70;1.12;-2.44;3.05;-52.93
-0.08;0.27;1.14;-1.45;3.66;-40.78
-0.09;-0.16;1.15;-0.69;4.73;-22.24
0.05;-0.36;1.12;-0.47;0.08;-7.30
0.03;-0.39;1.16;-1.98;-0.73;0.15
0.09;-0.39;1.19;-1.82;-0.85;-4.60
-0.03;-0.26;1.22;-1.59;-2.35;-7.36
-0.01;-0.12;1.18;-0.78;-1.86;13.36
0.02;-0.01;1.17;-0.56;-1.68;16.40
0.02;0.03;1.14;-0.49;0.56;22.08
0.04;0.01;1.15;0.52;1.88;20.56
0.06;-0.04;1.15;0.24;0.92;15.05
0.05;-0.03;1.17;-0.50;1.76;8.60
0.07;-0.06;1.13;0.90;6.03;0.82
0.05;-0.06;1.14;0.47;3.47;3.19
0.06;-0.04;1.15;0.31;3.60;1.36
0.04;-0.02;1.15;-0.34;2.55;-2.50
0.04;-0.01;1.14;-1.18;1.44;-2.50
0.04;-0.01;1.15;-1.56;0.50;-2.52
-0.03;0.01;1.12;2.89;6.84;-4.17
0.06;-0.02;1.15;-2.18;-2.09;7.10
0.05;-0.02;1.14;-2.43;-2.05;-1.51
0.05;-0.02;1.15;1.65;6.47;-2.40
-0.07;0.02;1.13;-3.36;-6.15;16.99
0.21;-0.01;1.15;-4.73;-14.98;22.95
0.24;0.03;1.13;-7.05;-30.98;58.69
0.69;-0.02;1.12;8.27;0.67;127.37
0.84;-0.15;1.13;2.49;6.95;26.89
0.31;-0.04;1.14;-2.20;9.25;-74.75
0.01;-0.01;1.20;-4.31;-5.31;-29.22
0.08;-0.04;1.18;-1.25;5.89;-26.52
-0.07;0.08;1.17;-2.40;4.52;-34.34
-0.11;-0.02;1.22;-0.79;-5.33;14.60
-0.13;-0.10;1.03;0.24;1.53;-13.92
-0.58;0.03;1.26;0.60;11.63;-58.21
-0.42;0.01;1.20;-1.57;-2.18;0.98
-0.08;-0.03;1.03;-0.18;-2.47;39.54
-0.00;-0.05;1.01;0.37;4.89;17.98
-0.09;-0.10;1.14;-0.95;-0.31;-7.21
-0.10;-0.09;1.12;-3.62;1.45;-18.70
-0.05;-0.04;1.15;-2.15;-2.52;-6.99
0.05;-0.01;1.15;-0.61;1.74;-2.52
0.04;-0.02;1.15;-0.64;2.11;-2.40
0.05;-0.00;1.14;-0.09;2.53;-2.23
0.08;-0.04;1.14;0.37;5.39;-10.43
0.04;-0.02;1.15;0.46;4.82;-8.90
0.04;-0.02;1.15;2.12;6.69;-7.18
0.04;-0.01;1.14;0.85;5.51;-5.80
0.02;-0.01;1.14;-0.85;2.00;-3.95
0.04;-0.01;1.14;-1.53;0.15;-2.23
0.05;-0.02;1.16;-1.19;1.31;-2.53
0.04;-0.02;1.15;-1.74;0.58;-2.34
0.04;-0.01;1.15;-0.70;0.82;-2.20
0.04;-0.00;1.15;-0.06;2.87;-2.50
0.04;-0.01;1.15;-0.27;2.14;-2.46
0.04;-0.01;1.14;-1.65;2.02;-2.34
0.04;-0.02;1.14;-1.21;1.28;-2.34
0.04;-0.01;1.17;-0.75;1.36;-2.46
0.04;-0.01;1.14;-0.50;1.63;-2.40
0.04;-0.01;1.14;-1.33;0.18;-2.18
0.05;-0.01;1.15;-0.46;2.08;-2.29
0.04;-0.02;1.14;-0.09;2.41;-2.34
0.04;-0.02;1.14;-1.63;0.05;-2.09
0.04;-0.01;1.14;-1.74;-0.41;-2.17
0.04;-0.01;1.15;-1.27;1.80;-2.40
0.05;-0.02;1.14;-1.19;1.76;-2.09
0.04;-0.01;1.14;-0.99;1.54;-2.24
0.04;-0.01;1.14;-0.82;1.79;-2.60
0.06;-0.01;1.13;-1.22;0.98;-2.72
0.05;-0.01;1.13;-1.47;0.95;-2.49
0.04;-0.01;1.14;-1.11;0.41;-2.58
0.04;-0.02;1.15;-1.27;0.90;-2.47
0.03;-0.01;1.16;-1.40;0.70;-2.00
0.03;-0.02;1.14;-1.30;0.46;-2.53
0.04;-0.02;1.15;-1.54;0.56;-2.35
0.04;-0.01;1.16;-0.09;1.89;-2.41
0.04;-0.02;1.16;-0.52;1.83;-2.35
0.04;-0.01;1.14;-0.63;2.14;-2.46
0.04;-0.02;1.15;-0.35;1.54;-2.24
0.04;-0.01;1.13;-1.22;1.56;-2.52
0.04;-0.01;1.15;-1.05;0.96;-2.43
0.04;-0.02;1.14;-1.45;0.87;-2.31
0.04;-0.01;1.15;-1.28;0.35;-2.31
0.05;-0.01;1.16;-1.15;0.69;-2.26
0.03;-0.01;1.15;-1.10;0.92;-2.60
0.04;-0.01;1.14;-2.31;0.53;-2.76
0.05;-0.02;1.14;-1.97;-0.31;-1.83
0.04;-0.01;1.14;-1.79;0.58;-2.21
0.04;-0.01;1.15;-0.40;1.30;-2.44
0.04;-0.02;1.16;-0.03;1.69;-2.46
0.04;-0.02;1.14;-1.68;0.24;-2.35
0.03;-0.01;1.15;-1.19;-0.43;-2.32
0.04;-0.02;1.15;-0.69;1.36;-2.21
0.03;-0.01;1.15;-0.52;1.91;-2.47
0.04;-0.01;1.15;-0.69;0.64;-2.55
0.03;-0.02;1.16;-1.37;0.38;-2.21
0.04;-0.01;1.13;-2.64;-1.92;-2.47
0.05;-0.02;1.18;0.52;2.15;-2.50
0.05;-0.02;1.16;-1.36;1.82;-2.61
0.04;-0.01;1.15;-1.83;1.85;-2.41
0.06;-0.02;1.11;-2.95;-2.58;-2.47
0.06;-0.02;1.14;-1.60;-0.32;-2.00
0.05;-0.02;1.16;-5.62;-11.16;-3.42
0.08;-0.02;1.14;-3.39;-4.40;-8.09
0.04;-0.02;1.14;-3.56;-2.92;-19.33
0.05;-0.01;1.14;-3.68;-3.53;-14.05
0.06;-0.03;1.15;-2.67;-2.08;-13.82
0.05;-0.02;1.18;-4.34;-3.66;-22.99
0.02;-0.02;1.15;-3.62;-2.02;-19.77
0.07;-0.03;1.12;-2.44;-0.67;-11.51
-0.00;-0.02;1.18;-0.31;3.56;-5.79
0.03;-0.02;1.18;-4.00;-6.50;-6.64
0.05;-0.01;1.15;-2.41;-2.32;-2.56
0.05;-0.09;1.13;6.40;30.75;-3.30
0.08;-0.02;1.13;-3.08;-6.38;-1.94
0.05;-0.02;1.15;-1.24;1.22;-2.40
0.06;-0.02;1.13;-0.78;2.26;-2.24
0.17;0.08;1.12;-1.22;-20.08;80.67
0.24;-0.11;1.18;-8.52;-16.64;-42.46
-0.11;0.00;1.15;-5.28;0.53;-55.79
-0.03;0.04;1.11;-0.31;0.67;5.10
0.10;-0.00;1.16;1.79;1.59;38.00
0.07;0.00;1.12;2.93;10.37;25.51
0.04;-0.01;1.21;1.92;6.17;7.66
0.10;-0.04;1.07;0.82;5.65;-0.70
0.05;-0.01;1.20;1.59;8.27;-6.72
-0.03;-0.01;1.17;2.15;8.26;6.38
0.02;-0.03;1.14;2.26;11.98;6.60
-0.01;-0.02;1.18;3.31;3.56;10.61
0.03;-0.04;1.13;0.26;1.44;3.18
0.02;-0.01;1.15;0.47;2.81;-0.79
0.00;-0.04;1.16;-0.95;1.59;-6.34
0.03;-0.02;1.14;-0.31;2.60;-2.56
0.05;-0.03;1.15;0.09;2.95;-3.56
-0.06;-0.04;1.15;7.51;21.85;-13.31
-0.16;-0.14;1.13;-5.83;-5.51;-30.26
-0.33;0.05;1.09;-4.60;4.29;-102.82
-0.82;0.19;1.24;-1.54;3.07;-33.13
-0.67;-0.02;1.15;1.47;-5.34;83.22
-0.31;-0.25;1.08;2.81;-4.17;83.40
-0.19;-0.28;1.10;0.69;0.09;44.99
-0.39;-0.05;1.20;1.59;8.15;-17.83
-0.48;0.03;1.15;7.19;8.27;73.59
0.10;-0.11;1.07;11.13;13.42;118.78
0.71;-0.13;1.17;9.15;8.69;102.08
0.83;-0.13;1.12;-0.26;-1.27;24.27
0.36;0.14;1.13;-3.59;0.05;-46.06
0.63;0.04;1.09;-3.19;-7.25;8.34
0.64;-0.02;1.08;-2.00;-7.08;19.98
0.51;-0.04;1.15;-4.87;-5.76;-42.35
0.02;0.01;1.17;-6.67;-5.40;-55.31
-0.05;0.04;1.17;-3.59;-3.56;-21.19
0.02;-0.03;1.17;-1.76;-1.63;8.56
0.10;-0.07;1.15;-0.64;0.73;12.23
0.04;-0.03;1.15;-0.92;3.04;0.44
0.03;-0.01;1.14;-1.31;0.98;-2.58
0.04;-0.02;1.15;0.35;8.84;-11.69
0.01;-0.01;1.15;-0.02;6.20;-2.08
0.01;-0.01;1.17;0.38;4.06;2.46
0.10;-0.02;1.12;-0.27;3.71;2.21
0.04;-0.02;1.14;-1.44;0.40;-2.24
0.03;-0.01;1.14;-1.80;-0.08;-3.19
0.03;-0.01;1.15;-0.27;4.00;-7.07
0.03;-0.01;1.14;0.55;3.83;-2.75
0.04;-0.02;1.15;-1.01;1.79;-2.29
0.03;-0.02;1.16;-0.78;2.21;-2.24
0.03;-0.01;1.15;-0.98;-0.09;-2.46
0.04;-0.01;1.14;-2.76;-3.79;-2.92
0.03;-0.01;1.15;-1.27;1.45;-8.44
0.03;-0.01;1.14;-1.45;1.65;-4.08
0.03;-0.01;1.15;-0.85;1.31;-2.78
0.04;-0.01;1.15;-1.27;1.48;-2.50
0.04;-0.02;1.15;-1.57;0.64;-3.16
0.04;-0.02;1.14;-0.84;2.00;-2.87
0.03;-0.02;1.14;-0.89;2.76;-2.23
0.04;-0.02;1.14;-0.60;4.11;-2.56
0.03;-0.01;1.14;-1.34;3.18;-2.53
0.04;-0.01;1.14;-0.82;1.01;-2.24
0.03;-0.02;1.15;-1.89;-0.11;-2.05
0.04;-0.01;1.14;-1.82;0.92;-2.49
0.03;-0.01;1.15;-2.29;-1.82;-2.43
0.04;-0.01;1.14;-2.20;-0.70;-2.11
0.05;-0.02;1.15;-1.44;12.93;-2.29
0.03;-0.01;1.15;-1.82;9.02;-2.73
0.03;-0.02;1.16;-1.40;1.91;-7.63
0.06;-0.00;1.13;-4.15;-6.35;-21.07
0.02;-0.04;1.16;-1.68;1.86;-17.13
0.03;-0.01;1.15;-1.50;-1.68;-2.15
0.03;-0.02;1.15;-0.81;2.99;-1.60
0.01;-0.01;1.16;-0.73;-7.48;3.83
0.04;-0.02;1.15;-2.12;-10.66;8.09
0.03;-0.02;1.15;-1.24;-2.99;-2.27
0.04;-0.01;1.15;-2.55;-8.41;-2.26
0.05;-0.02;1.15;-1.31;-0.95;-2.06
0.04;-0.02;1.14;-1.33;1.34;-2.72
0.04;-0.02;1.15;-0.96;1.39;-2.56
0.05;-0.02;1.16;-1.22;0.82;-2.18
0.04;-0.02;1.14;-1.10;0.79;-3.04
0.04;-0.02;1.14;-1.13;1.73;-2.43
0.04;-0.01;1.14;-0.87;1.69;-2.38
0.04;-0.02;1.14;-1.24;0.92;-2.05
0.04;-0.01;1.15;-1.27;0.18;-2.31
0.04;-0.02;1.15;-1.47;-0.98;-2.03
0.04;-0.02;1.15;-1.04;-0.35;-2.49
0.06;-0.02;1.14;-1.21;1.48;-2.35
0.04;-0.02;1.15;-0.85;2.24;-2.50
0.04;-0.01;1.15;-0.53;3.48;-2.27
0.04;-0.02;1.14;-1.15;1.34;-2.12
0.04;-0.02;1.15;-1.05;1.62;-2.49
0.03;-0.02;1.15;-1.24;0.64;-2.31
0.04;-0.02;1.14;-0.67;2.03;-2.43
0.04;-0.02;1.15;-1.10;1.39;-2.41
0.04;-0.02;1.15;-1.28;0.79;-2.67
0.04;-0.01;1.15;-1.39;0.03;-2.37
0.04;-0.01;1.15;-1.30;0.24;-2.24
0.05;-0.01;1.14;-1.13;0.52;-2.49
0.04;-0.01;1.14;-1.11;1.24;-2.18
0.04;-0.01;1.16;-0.55;3.39;-2.17
0.05;-0.02;1.14;-1.10;0.14;-2.38
0.04;-0.02;1.14;-0.82;1.07;-2.66
0.04;-0.01;1.15;-1.15;0.09;-2.24
0.04;-0.02;1.15;-0.75;1.31;-2.09
0.05;-0.01;1.15;-0.98;0.90;-2.50
0.04;-0.02;1.15;-1.54;0.09;-2.53
0.05;-0.01;1.15;-1.25;-0.20;-2.32
0.04;-0.02;1.15;-1.30;-0.46;-2.60
0.04;-0.02;1.14;-1.21;0.23;-2.40
0.04;-0.01;1.15;-1.57;-0.63;-2.05
0.20;-0.04;1.16;-4.69;-9.95;-21.02
0.29;-0.02;1.17;-7.50;-5.33;-69.07
0.30;-0.03;1.07;-4.09;2.58;-70.53
0.09;0.02;1.24;-1.86;5.59;-30.03
0.29;-0.03;1.05;-0.44;1.69;7.44
0.25;-0.08;1.06;-2.08;1.54;0.09
0.11;-0.04;1.10;-4.56;-2.50;-47.11
-0.13;0.02;1.16;0.85;16.79;-35.50
-0.24;0.01;1.20;-0.31;3.94;1.40
-0.17;0.02;1.16;-0.60;3.05;17.69
-0.17;0.00;1.22;0.81;2.24;31.53
-0.02;-0.03;1.14;-0.23;-3.28;28.58
-0.03;-0.07;1.18;-0.61;6.14;-11.44
-0.13;-0.02;1.19;-0.76;6.64;-22.81
-0.06;-0.02;1.16;-1.36;-1.05;-1.85
0.02;-0.02;1.15;-1.97;-3.39;-2.31
0.04;-0.02;1.14;-1.56;-0.92;-2.61
0.05;-0.01;1.14;-0.84;1.13;-2.38
0.04;-0.02;1.14;-0.85;1.89;-2.46
0.04;-0.01;1.14;-0.95;1.08;-2.53
0.05;-0.01;1.14;-1.53;0.72;-2.31
0.04;-0.02;1.15;-1.59;-1.50;-2.52
0.04;-0.02;1.15;-2.32;-3.28;-2.58
0.09;-0.01;1.15;-2.40;-3.16;-4.87
0.22;0.17;1.10;-2.08;7.51;-34.38
0.31;0.25;1.06;-2.52;2.69;-33.53
0.36;0.25;1.06;-3.33;1.95;-47.77
0.20;0.41;1.15;-1.18;6.18;-31.69
0.23;0.51;1.18;-1.79;-0.93;-21.30
0.37;0.39;1.15;-1.94;-2.35;-28.24
0.34;0.16;1.05;-3.34;1.33;-68.66
-0.10;0.18;1.20;-1.01;2.11;-56.41
-0.15;0.15;1.11;0.96;-0.35;17.05
-0.08;-0.02;1.23;2.49;1.25;60.44
0.26;-0.49;1.13;3.31;6.40;-3.16
0.11;-0.52;1.18;-7.48;4.20;-123.44
-0.51;-0.16;1.17;-1.39;-3.30;11.36
-0.09;-0.42;1.13;2.17;-2.55;53.24
0.10;-0.39;1.12;-1.44;4.18;-12.44
-0.07;-0.17;1.16;-3.60;1.01;-29.79
-0.10;-0.15;1.14;-2.60;-1.18;-12.95
0.04;-0.14;1.10;-2.05;-0.41;3.10
0.02;-0.07;1.13;-0.52;0.67;6.37
0.04;-0.04;1.13;-1.13;1.24;0.50
0.05;-0.02;1.14;-0.67;1.95;-1.82
0.05;-0.02;1.12;-1.21;0.53;-2.49
0.03;-0.01;1.15;-1.11;1.89;-2.53
0.04;-0.01;1.15;-1.15;1.56;-2.70
0.05;-0.02;1.15;-1.31;0.26;-2.44
0.04;-0.01;1.14;-1.04;1.22;-2.53
0.05;-0.01;1.15;-1.05;1.31;-2.58
0.04;-0.02;1.15;-0.63;3.36;-2.37
-0.02;-0.04;1.16;1.02;5.02;3.36
-0.09;-0.06;1.16;1.13;2.64;22.63
-0.01;-0.44;1.15;1.45;5.27;14.03
-0.07;-0.35;1.13;-3.80;-1.16;-27.85
-0.15;-0.29;1.12;-1.94;-0.08;-3.80
-0.10;-0.36;1.19;-1.57;-4.03;16.35
-0.11;-0.37;1.15;-2.58;0.06;1.69
-0.12;-0.42;1.09;-4.95;-1.66;-19.73
-0.25;-0.37;1.24;-4.21;-10.09;-15.44
-0.15;-0.32;1.12;-2.17;-3.92;12.02
-0.00;-0.37;1.12;-1.50;0.03;30.93
-0.04;-0.46;1.17;-1.80;6.05;-16.61
-0.06;-0.21;1.03;-3.79;1.91;1.57
0.04;-0.05;1.19;-1.44;-4.00;20.06
0.14;0.18;1.14;-0.17;2.64;6.99
0.24;0.27;1.10;-2.20;1.97;8.89
0.41;0.28;1.12;-6.12;-7.82;-6.47
0.39;0.37;1.14;-5.77;-3.15;-54.50
0.27;0.52;1.17;-5.63;-1.56;-54.03
0.15;0.53;1.12;-3.02;0.99;-32.00
0.19;0.40;1.15;-1.48;3.22;-5.34
0.29;0.28;1.15;-1.05;-0.18;-3.30
0.11;0.23;1.27;-2.66;-2.95;-30.23
0.06;0.19;1.13;-3.40;4.29;-38.24
0.04;0.17;1.13;-2.52;2.64;-25.86
-0.02;0.18;1.21;-0.69;-0.46;-3.15
0.07;0.11;1.14;-0.67;1.22;8.75
0.08;0.03;1.16;0.26;0.47;8.15
0.10;0.05;1.15;-1.54;-0.49;-1.15
0.05;-0.02;1.15;-0.82;0.44;-2.46
0.06;-0.02;1.13;-1.45;0.27;-2.23
0.04;-0.02;1.15;-1.15;0.35;-1.95
0.06;-0.02;1.13;-0.82;2.93;-2.40
0.07;-0.03;1.12;-0.60;4.69;-2.43
0.01;-0.01;1.15;-0.61;0.38;7.21
0.05;-0.02;1.14;-0.49;3.33;-2.03
0.04;-0.02;1.14;-1.04;0.66;-2.66
0.05;-0.02;1.15;-1.37;0.35;-2.15
0.05;-0.02;1.14;-1.13;0.37;-2.58
0.04;-0.02;1.15;-1.05;1.68;-2.49
0.05;-0.02;1.15;-1.01;1.04;-2.08
0.05;-0.03;1.13;-0.95;2.17;-2.44
0.05;-0.02;1.15;-1.37;0.75;-2.21
0.05;-0.02;1.14;-0.92;1.10;-2.64
0.05;-0.02;1.14;-0.96;1.95;-2.73
0.05;-0.02;1.15;-0.90;2.12;-2.43
0.08;0.07;1.15;-2.21;-2.32;3.48
0.08;0.03;1.16;-1.51;0.24;-9.65
0.06;0.09;1.16;-1.30;2.93;-11.33
0.08;0.10;1.11;-1.18;1.97;-8.55
0.08;0.20;1.11;-0.21;1.48;8.69
0.07;0.21;1.22;0.95;-3.07;31.45
0.11;0.17;1.17;0.27;1.82;17.04
0.14;0.18;1.19;-0.60;3.02;-0.14
0.17;0.25;1.12;-0.24;2.24;-0.96
0.11;0.20;1.10;0.52;2.02;10.35
0.15;0.19;1.12;-0.06;1.73;13.83
0.29;0.12;1.08;-2.78;0.43;-7.66
0.16;0.07;1.17;-1.25;1.25;-36.09
0.04;0.10;1.13;-0.90;-2.64;-11.21
0.08;-0.03;1.12;0.00;-3.42;6.76
0.10;-0.07;1.12;-1.37;0.69;4.14
0.03;0.01;1.15;0.99;-0.09;25.10
-0.03;-0.16;1.18;0.27;0.87;13.57
-0.02;-0.20;1.13;-0.92;3.13;-18.60
-0.03;-0.25;1.11;-2.53;0.00;-28.81
-0.14;-0.31;1.19;-0.79;-0.32;-13.95
-0.20;-0.22;1.15;0.05;3.95;10.12
-0.09;-0.24;1.11;1.30;2.18;25.30
-0.11;-0.24;1.18;0.26;0.69;18.81
-0.08;-0.21;1.18;0.34;2.46;12.21
-0.04;-0.15;1.13;-0.26;1.88;11.85
0.05;-0.06;1.14;-0.56;4.38;-0.37
0.03;-0.02;1.16;-0.31;4.53;-0.96
0.02;-0.02;1.14;-0.82;0.00;5.57
0.05;-0.02;1.14;-0.73;0.23;7.05
0.06;-0.01;1.15;-1.11;-0.40;1.21
0.05;-0.02;1.14;-1.56;-1.34;-1.97
-0.10;0.25;1.13;-0.40;-5.02;41.18
0.05;0.20;1.19;2.09;-3.16;60.89
0.18;0.22;1.06;0.85;2.89;26.99
0.07;0.24;1.11;-0.89;6.32;-2.09
0.01;0.25;1.15;-0.70;2.35;-5.53
-0.02;0.31;1.04;-0.24;3.39;11.47
-0.10;0.30;1.13;0.84;2.89;19.33
0.01;0.23;1.12;1.48;4.38;35.77
-0.06;0.19;1.16;2.87;-1.85;48.46
0.06;0.18;1.13;2.92;0.00;44.20
0.06;0.18;1.13;1.18;3.19;36.21
-0.03;0.12;1.19;3.51;2.38;45.53
-0.09;-0.01;1.22;3.69;3.91;55.22
0.06;-0.13;1.13;1.88;5.56;53.69
0.07;-0.21;1.12;1.83;2.49;44.93
0.05;-0.17;1.09;1.83;4.38;30.14
-0.02;-0.18;1.17;1.36;0.08;35.22
0.11;-0.23;1.07;0.82;-0.03;32.24
0.10;-0.29;1.19;-1.50;-1.56;8.61
0.12;-0.36;1.15;-1.74;-0.09;-17.19
0.08;-0.35;1.12;-3.19;-2.09;-38.56
-0.08;-0.30;1.23;-2.43;1.69;-26.43
-0.03;-0.30;1.18;-1.30;-3.60;-4.92
0.04;-0.02;1.15;-0.66;2.63;-2.49
-0.13;-0.19;1.19;0.00;0.76;12.82
-0.05;-0.35;1.15;4.72;4.99;58.47
0.18;-0.41;1.07;1.10;-1.33;47.95
0.16;-0.32;1.10;-1.04;-0.26;7.15
0.04;-0.22;1.27;-3.05;-3.56;-25.62
0.00;-0.21;1.13;-4.70;1.76;-37.83
-0.02;-0.27;1.16;-2.40;2.02;-23.97
-0.01;-0.27;1.08;-2.96;-0.49;-7.33
-0.02;-0.32;1.13;-2.12;0.27;4.03
-0.01;-0.25;1.20;-1.56;-1.36;0.02
-0.00;-0.21;1.19;-3.65;0.06;-17.51
-0.04;-0.17;1.13;-2.40;4.37;-21.25
-0.13;-0.16;1.16;-3.83;0.08;-8.99
-0.02;-0.17;1.14;-0.27;2.26;12.12
0.12;-0.14;1.14;-3.27;-1.69;0.44
0.04;-0.11;1.23;-3.95;3.01;-33.24
-0.10;-0.00;1.27;-2.90;-0.09;-23.66
-0.10;-0.02;1.31;-1.97;1.18;-0.08
0.02;-0.02;1.18;-0.90;4.43;-0.58
0.13;0.03;1.15;-3.88;2.98;-16.84
-0.13;0.16;1.31;-9.95;-9.40;-67.69
0.28;0.09;1.10;-7.59;2.60;-78.14
0.16;0.21;1.07;-7.47;2.35;-86.03
0.09;0.32;1.18;-6.81;2.34;-97.76
0.07;0.35;1.04;-6.63;6.23;-77.25
-0.01;0.34;1.15;-5.04;3.10;-70.52
-0.03;0.37;1.10;-3.73;6.47;-65.11
-0.07;0.40;1.18;-2.63;-0.31;-41.11
-0.02;0.34;1.14;-1.47;4.20;-24.52
-0.14;0.31;1.25;0.89;2.26;-6.14
-0.04;0.23;1.18;-1.34;-8.40;4.81
0.28;-0.00;0.99;-2.32;-1.28;-1.57
0.04;-0.02;1.15;-2.78;-7.39;-1.98
0.01;-0.02;1.22;-2.26;-8.41;-1.54
0.04;0.07;1.17;-3.28;-7.65;-1.18
0.07;0.17;1.13;-1.04;-4.53;8.82
0.03;0.11;1.14;-0.92;-0.76;-8.00
-0.02;0.08;1.16;-1.59;6.21;-24.18
0.03;0.17;1.21;-2.17;4.03;-27.27
0.07;0.34;1.07;-1.25;-4.75;-11.13
-0.32;0.57;1.46;0.67;-3.04;30.34
0.03;0.43;1.16;1.65;0.17;44.18
0.10;0.38;1.05;4.41;1.89;71.39
0.08;0.29;1.17;3.33;-0.32;71.60
0.03;0.20;1.19;6.78;1.28;79.13
0.16;0.08;1.14;6.53;0.73;87.63
0.22;-0.09;1.09;3.66;2.85;41.73
0.08;-0.25;1.19;0.79;2.40;1.60
0.00;-0.18;1.14;0.79;0.98;7.21
-0.06;-0.22;1.19;0.61;-0.06;15.83
-0.01;-0.37;1.14;1.05;-2.08;32.84
0.03;-0.43;1.10;1.02;1.92;25.73
0.12;-0.56;1.13;-0.63;-1.50;-3.57
0.07;-0.53;1.12;-2.82;1.10;-43.50
-0.13;-0.35;1.16;-3.79;0.81;-46.09
-0.10;-0.26;1.13;-2.53;5.44;-24.24
0.06;-0.03;1.15;-0.24;5.02;-4.89
-0.11;-0.21;1.18;-2.06;5.91;-46.09
-0.36;-0.07;1.22;-3.53;-4.53;-39.69
-0.24;-0.08;1.16;-3.83;-6.15;-20.31
-0.37;-0.04;1.24;-2.82;-6.35;-19.37
-0.93;0.18;1.78;6.93;33.02;-34.08
0.01;-0.10;0.69;-1.08;19.18;34.63
0.06;-0.04;1.19;3.45;4.32;63.56
0.12;-0.05;1.17;2.18;-3.19;78.72
0.44;-0.04;1.13;-0.46;-0.09;40.08
0.38;0.05;1.10;-0.90;0.41;-9.68
0.26;0.06;1.06;-1.69;-4.66;21.51
0.24;0.08;1.11;1.98;-1.10;60.58
0.42;0.05;1.10;6.03;9.45;64.31
0.49;-0.02;1.16;0.89;1.30;32.56
0.06;0.00;1.16;-0.52;2.64;-1.65
0.26;-0.01;1.15;-5.40;-12.38;-2.00
0.44;0.08;0.86;-0.96;11.62;-20.75
0.68;-0.04;1.10;3.68;2.58;56.78
0.69;-0.22;1.10;-0.26;0.55;-13.04
0.40;-0.08;1.07;-6.61;10.61;-134.41
-0.14;0.13;1.16;-7.59;5.53;-130.17
-0.10;0.09;1.10;-1.59;0.98;-12.87
0.06;0.06;1.14;-1.53;-1.21;7.56
0.07;0.02;1.24;-1.65;1.36;2.93
0.14;0.03;1.23;3.19;6.75;21.83
0.32;-0.01;1.11;0.43;3.40;5.48
0.24;-0.06;1.11;-2.27;7.04;-55.16
0.07;-0.05;1.09;-5.51;4.93;-81.02
-0.04;-0.03;1.15;-0.06;4.47;-28.99
-0.18;-0.02;1.22;-2.60;4.98;-61.74
-0.43;0.10;1.12;-1.60;4.64;-32.11
-0.36;0.00;1.11;2.75;4.46;50.81
-0.13;-0.17;1.19;6.64;10.06;41.53
-0.05;-0.11;1.12;1.86;11.48;-39.92
-0.21;-0.00;1.15;-6.87;-3.79;-56.37
-0.19;-0.01;1.12;-5.22;-4.87;-24.02
-0.16;-0.07;1.17;-2.50;0.58;-16.49
-0.06;-0.07;1.12;-2.46;-0.87;-3.02
-0.02;-0.06;1.16;-1.86;-1.97;-0.69
0.04;-0.02;1.14;-1.44;1.45;-2.72
0.04;-0.01;1.15;-0.85;2.14;-2.26
0.04;-0.02;1.15;-0.40;2.72;-2.64
0.04;-0.02;1.14;-0.50;2.17;-2.15
0.04;-0.01;1.15;-1.28;-0.11;-2.34
0.03;-0.01;1.15;-0.69;1.44;-1.98
0.04;-0.02;1.16;-0.49;2.27;-2.98
0.03;-0.01;1.15;-1.11;1.37;-2.66
0.04;-0.02;1.15;-1.94;-0.40;-2.69
0.04;-0.02;1.14;-2.29;-1.88;-2.66
0.04;-0.02;1.16;-1.18;-0.32;-2.64
0.04;-0.02;1.15;0.11;4.23;-3.02
0.08;-0.04;1.14;0.73;5.98;-13.36
0.03;-0.01;1.13;-1.86;-0.61;-6.76
0.03;-0.02;1.15;-2.72;-2.29;-3.18
0.04;-0.02;1.14;-1.39;-0.92;-2.32
0.04;-0.01;1.14;-1.21;1.18;-2.50
0.04;-0.01;1.15;-0.82;1.28;-2.63
0.03;-0.01;1.15;-0.69;1.82;-2.17
0.05;-0.02;1.15;-0.20;3.59;-2.21
0.03;-0.01;1.15;0.60;4.38;-2.53
0.04;-0.02;1.16;-0.29;2.75;-2.70
0.04;-0.01;1.16;-0.84;2.11;-2.40
0.04;-0.01;1.13;1.13;5.24;-2.67
0.03;-0.01;1.15;1.83;5.74;-3.63
0.04;-0.02;1.15;0.12;3.79;-4.89
0.04;-0.02;1.15;-3.11;-2.27;-3.82
0.04;-0.01;1.15;-5.51;-7.51;-2.55
0.04;-0.02;1.16;-5.37;-7.88;-1.97
0.04;-0.01;1.15;-3.25;-4.72;-2.09
0.05;-0.02;1.14;-0.64;2.26;-2.49
0.04;-0.01;1.15;0.66;4.72;-2.70
0.05;-0.02;1.15;0.60;3.54;-2.34
0.04;-0.01;1.15;0.27;3.11;-2.47
0.04;-0.01;1.15;-1.65;0.27;-2.34
0.04;-0.02;1.15;-1.22;0.32;-2.52
0.04;-0.01;1.14;-0.85;1.71;-2.47
0.04;-0.02;1.15;-0.23;3.04;-2.61
0.04;-0.02;1.15;2.00;8.31;-2.14
0.03;-0.01;1.14;1.36;6.08;-3.05
0.03;-0.01;1.15;0.12;3.66;-1.89
0.01;-0.01;1.16;0.46;3.76;-0.09
0.05;-0.02;1.14;-0.49;2.02;2.20
0.01;-0.01;1.14;0.49;4.20;3.57
0.01;-0.01;1.14;0.17;2.47;7.47
0.02;-0.01;1.15;0.08;3.47;8.46
0.05;-0.02;1.15;-0.18;1.57;11.30
0.02;-0.00;1.15;-0.20;1.77;12.34
0.06;-0.02;1.15;-0.98;0.56;12.53
0.04;-0.01;1.14;-1.02;1.56;-0.90
0.04;-0.01;1.15;-1.39;0.38;-2.09
0.04;-0.01;1.15;-1.47;0.41;-1.95
0.03;-0.01;1.14;-1.07;1.28;-2.58
0.03;-0.01;1.15;-1.18;0.64;-2.32
0.04;-0.01;1.15;-0.89;0.95;-2.46
0.03;-0.01;1.15;-1.10;0.40;-2.67
0.03;-0.01;1.14;-1.40;1.07;-2.44
0.04;-0.01;1.15;-0.78;0.92;-2.73
0.04;-0.02;1.16;-1.11;0.96;-2.52
0.04;-0.02;1.14;-0.96;1.24;-2.31
0.04;-0.01;1.14;-1.27;0.93;-2.67
0.04;-0.01;1.14;-1.97;-1.22;-2.38
0.03;-0.00;1.14;-4.81;-6.72;-1.42
0.07;-0.02;1.19;-0.43;-3.51;16.18
0.05;-0.06;1.15;-0.38;-1.82;18.50
0.03;-0.07;1.13;-0.49;0.46;6.21
0.01;-0.03;1.15;-0.82;2.50;-2.46
0.05;-0.02;1.16;-0.06;2.50;-3.86
-0.53;-0.13;0.93;-3.50;8.03;-18.55
-0.85;0.13;1.12;-5.54;0.32;-48.72
-0.34;0.00;1.15;-1.85;-4.84;57.65
0.24;-0.18;1.10;-0.76;2.27;55.39
0.55;0.05;1.20;-3.02;-5.77;10.05
0.58;0.03;1.15;5.77;5.54;27.42
0.36;-0.03;1.16;4.55;9.53;24.55
0.14;0.07;1.13;1.19;3.91;27.30
0.17;-0.02;1.14;-1.89;-1.04;4.24
0.03;-0.01;1.15;-3.56;-3.65;-1.92
0.04;-0.02;1.13;-3.02;-2.50;-1.97
0.06;-0.03;1.15;-1.40;0.06;6.53
0.05;-0.02;1.15;0.87;4.29;-1.48
0.03;-0.02;1.15;1.16;5.31;-2.41
0.03;-0.01;1.15;0.32;3.37;-2.49
0.03;-0.01;1.14;-1.01;0.95;-2.35
0.04;-0.01;1.15;-1.88;0.27;-2.08
0.04;-0.01;1.14;-2.37;-0.79;-2.50
0.03;-0.01;1.15;-1.71;-0.21;-2.11
0.04;-0.02;1.15;-1.62;0.12;-2.31
0.03;-0.01;1.15;-1.16;0.82;-2.60
0.03;-0.01;1.14;-0.98;1.71;-2.24
0.04;-0.01;1.15;-0.72;1.80;-1.92
0.06;-0.04;1.14;-3.53;-4.20;11.18
0.05;-0.02;1.15;-0.55;2.20;-0.55
0.02;-0.02;1.16;2.93;6.41;-2.70
-0.88;-0.54;0.88;-13.85;-15.45;-55.53
-1.23;0.12;1.29;-2.56;-5.45;6.08
-0.43;0.13;1.20;0.61;-18.76;210.87
1.47;-0.24;-0.09;15.27;34.99;101.60
0.85;-0.08;1.07;-2.81;2.29;-48.81
0.50;0.10;1.10;4.18;11.91;-46.72
0.06;0.05;1.14;0.29;6.20;-15.36
0.03;-0.01;1.15;-0.63;2.18;-2.18
0.07;-0.02;1.18;-5.45;-5.54;4.60
0.08;0.02;1.12;-6.38;-7.05;-7.05
0.03;-0.02;1.14;-3.28;-2.40;-12.92
0.00;-0.03;1.14;-1.37;1.34;-4.78
0.03;-0.04;1.14;-0.69;1.73;-4.12
0.05;-0.01;1.14;-1.15;1.02;-2.70
0.03;-0.02;1.15;-0.27;2.82;-2.31
0.04;-0.01;1.15;-0.79;1.76;-3.21
0.07;-0.03;1.15;0.66;5.59;-12.52
0.04;-0.01;1.15;-1.33;0.56;-8.29
0.04;-0.01;1.15;-0.46;2.46;-10.05
0.04;-0.01;1.13;-1.73;0.18;-6.40
0.04;-0.01;1.15;-2.46;-1.37;-5.51
0.04;-0.02;1.14;-1.73;0.60;-4.76
0.03;-0.01;1.15;-1.74;-0.21;-2.81
0.04;-0.01;1.15;-1.18;1.45;-2.20
0.04;-0.01;1.15;-1.18;1.22;-2.32
0.04;-0.02;1.15;-1.39;0.58;-2.46
0.04;-0.01;1.15;-1.37;0.26;-2.70
0.04;-0.01;1.15;-0.81;1.54;-2.93
0.09;-0.16;1.22;4.38;22.06;-60.44
-0.33;-0.14;1.14;-8.24;8.47;-189.28
-0.78;0.17;1.26;-1.45;3.65;-93.19
-0.39;0.09;1.15;2.12;7.50;12.31
0.41;-0.04;1.16;5.08;5.98;127.88
0.99;-0.21;1.13;2.95;1.05;55.80
0.53;0.00;1.14;-2.69;-1.13;-57.04
0.02;0.15;1.15;-1.57;0.69;-18.27
0.02;-0.01;1.16;-2.37;-0.41;-2.17
-0.02;0.03;1.16;-2.90;-3.76;6.58
0.02;0.01;1.16;-4.24;-6.92;14.27
0.03;-0.02;1.15;-1.82;-2.90;12.82
0.06;-0.05;1.15;-0.03;3.27;3.28
0.04;-0.01;1.13;0.14;3.68;-2.21
0.04;-0.01;1.16;-0.26;1.85;-2.55
0.03;-0.01;1.14;-0.38;2.92;-2.44
0.03;-0.01;1.15;-1.50;0.69;-2.41
0.03;-0.01;1.14;-1.48;-0.56;-2.34
0.03;-0.01;1.15;-2.27;-1.18;-2.27
0.04;-0.01;1.14;-2.66;-0.93;-2.49
0.04;-0.02;1.14;-1.50;-0.17;-2.58
0.03;-0.00;1.14;-1.10;0.56;-2.43
0.03;-0.01;1.15;-1.71;1.13;-2.38
0.04;-0.01;1.14;-0.72;1.22;-2.53
0.03;-0.01;1.15;-1.80;0.14;-2.18
0.03;-0.01;1.14;-1.97;-0.61;-2.35
0.04;-0.01;1.15;-1.57;0.72;-2.34
0.04;-0.02;1.15;-0.37;2.66;-2.43
0.09;-0.14;1.10;1.15;7.42;-16.06
-0.63;-0.24;1.21;-5.36;14.46;-138.08
-0.89;0.14;1.23;-0.85;0.52;-5.82
-0.24;0.04;1.19;1.36;3.85;82.50
0.72;-0.24;0.11;1.16;-1.45;44.79
-0.59;0.13;1.75;3.77;9.18;23.16
0.30;0.14;1.13;3.27;-0.27;110.78
0.79;0.06;1.19;2.69;-1.76;99.59
0.84;-0.00;1.12;-0.93;-2.85;29.53
0.05;-0.00;1.10;-4.90;-3.69;-2.15
0.13;-0.02;1.18;5.66;3.33;-1.74
0.04;0.00;1.15;-2.90;-3.63;5.01
0.20;-0.03;0.98;-0.46;-8.35;-2.31
-0.15;0.00;1.25;-2.64;-1.74;-13.76
0.02;-0.02;1.16;-0.09;2.31;-2.58
0.01;-0.00;1.16;2.46;5.89;-3.82
0.05;-0.02;1.19;2.58;7.21;-8.15
0.04;-0.02;1.15;0.24;3.68;-8.44
0.02;-0.00;1.14;-1.50;-0.37;-5.62
0.04;-0.00;1.15;-2.29;-0.61;-11.56
0.03;-0.02;1.15;-2.08;-1.27;-7.48
0.03;-0.01;1.19;-1.74;-3.77;-4.81
-0.00;-0.00;1.18;-1.60;1.27;-3.53
-0.02;0.00;1.22;-0.35;3.48;-3.65
0.05;-0.01;1.13;0.60;3.57;-6.89
0.05;-0.01;1.14;-0.24;3.33;-11.21
0.03;-0.01;1.15;-0.76;1.94;-6.47
0.03;-0.01;1.14;-1.30;0.95;-5.36
0.03;-0.00;1.15;-0.38;2.96;-4.79
0.03;-0.01;1.15;-0.03;2.85;-2.73
0.03;-0.00;1.15;-0.55;2.66;-2.46
0.03;-0.01;1.14;-1.13;1.54;-2.21
0.03;-0.01;1.15;-2.40;-0.44;-1.66
0.03;-0.01;1.15;-3.56;-3.25;-1.37
0.05;-0.02;1.14;-5.92;-8.18;12.31
0.04;-0.01;1.15;-1.97;-1.50;2.76
0.04;-0.02;1.15;-2.61;-1.30;1.25
0.05;-0.01;1.14;-1.88;2.12;-2.21
0.04;-0.01;1.15;-2.89;0.18;-2.23
0.05;-0.00;1.10;-6.23;-11.47;-1.74
0.05;-0.01;1.14;-3.28;-0.66;-2.67
0.04;-0.02;1.15;-3.02;0.72;-4.66
-0.08;0.00;1.19;-3.31;-3.83;-2.43
-0.02;-0.01;1.19;-8.17;-38.40;0.08
0.13;-0.05;1.04;2.90;12.79;-2.56
0.21;-0.06;1.18;-2.09;4.75;-6.95
0.03;-0.02;1.17;-0.98;1.95;-2.55
0.05;-0.02;1.15;-0.95;0.34;-2.08
0.06;-0.02;1.14;-1.15;0.93;-2.47
0.05;-0.02;1.15;-1.25;0.60;-2.14
0.04;-0.01;1.17;-7.47;-18.14;-1.91
0.06;-0.04;1.14;-2.76;-0.78;-17.42
0.06;-0.03;1.15;-2.38;4.64;-29.86
0.06;-0.02;1.15;8.69;35.05;-3.53
0.07;-0.03;1.13;-2.06;-3.59;-2.55
0.05;-0.02;1.15;-0.66;3.91;-2.46
0.05;-0.02;1.15;-2.03;-2.00;-1.91
0.05;-0.02;1.15;-1.45;0.46;-2.32
0.09;-0.03;1.15;-2.81;-4.18;-6.08
0.07;-0.01;1.15;-2.06;-0.58;-10.18
0.06;-0.02;1.14;0.46;7.94;-9.01
0.06;-0.02;1.13;1.79;13.42;-8.05
0.06;-0.01;1.12;1.76;16.56;-6.26
0.05;-0.01;1.16;0.96;19.21;-9.50
0.01;-0.02;1.16;0.55;19.80;-13.21
0.01;0.00;1.14;0.55;15.30;-9.10
-0.03;-0.02;1.17;-1.88;-6.02;0.52
0.04;-0.04;1.14;-2.72;-12.02;-2.23
0.06;-0.02;1.14;-0.82;-1.92;-3.33
0.05;-0.01;1.15;-0.55;3.73;-3.73
0.04;-0.02;1.15;-0.58;2.17;-2.99
0.05;-0.02;1.14;1.69;20.29;-3.01
0.03;-0.01;1.14;-0.49;1.42;-2.93
0.04;-0.02;1.15;-3.60;-20.75;-1.68
0.04;-0.02;1.17;0.38;-0.40;-2.43
0.04;-0.00;1.21;-0.03;-5.97;-1.34
0.01;-0.01;1.19;-1.28;0.38;-2.55
0.08;-0.03;1.08;-1.30;-4.56;-2.06
0.05;-0.02;1.16;-0.99;1.68;-2.61
0.05;-0.02;1.15;0.27;8.44;-2.79
0.05;-0.01;1.14;-1.48;1.85;-2.63
0.04;-0.01;1.14;-1.25;-0.26;-2.12
0.06;-0.02;1.13;-2.17;-2.09;-2.46
0.05;-0.02;1.16;-0.76;3.33;-2.49
0.04;-0.02;1.14;-0.20;4.58;-2.31
0.05;-0.01;1.14;-0.81;0.72;-2.18
0.03;-0.02;1.15;-0.90;-0.37;-2.47
0.05;-0.02;1.14;-0.76;2.96;-2.38
0.04;-0.02;1.14;-0.95;2.63;-2.38
0.04;-0.02;1.15;-1.16;2.14;-2.11
0.04;-0.02;1.16;-1.05;0.72;-2.24
0.06;-0.02;1.14;-0.82;1.92;-2.56
0.06;-0.02;1.13;-1.10;-0.76;-2.49
0.04;-0.02;1.14;-1.62;-0.53;-2.47
0.04;-0.02;1.15;-0.76;2.35;-2.23
0.05;-0.02;1.14;0.37;7.48;-2.53
0.05;-0.02;1.13;-0.17;5.74;-2.64
0.04;-0.02;1.15;-1.01;2.08;-2.46
0.04;-0.01;1.14;-1.39;-1.16;-2.41
0.04;-0.02;1.15;-1.39;-2.17;-2.66
0.05;-0.02;1.15;-0.98;0.96;-2.35
0.04;-0.02;1.15;-1.79;-1.25;-2.12
0.04;-0.01;1.15;-3.47;-8.34;-2.11
0.05;-0.01;1.14;-2.56;-3.83;-2.29
0.05;-0.02;1.15;-3.59;-7.42;-2.24
0.05;-0.02;1.15;-2.58;-2.46;-2.05
0.07;-0.02;1.13;-1.39;3.47;-2.20
0.03;-0.01;1.14;-1.10;2.79;-1.98
0.07;-0.03;1.12;-1.57;-1.40;-2.47
0.05;-0.02;1.14;-0.87;1.13;-2.47
0.05;-0.02;1.14;-1.69;-0.72;-2.15
0.05;-0.02;1.15;-1.44;-0.18;-2.23
0.05;-0.01;1.15;-1.27;0.09;-2.72
0.06;-0.02;1.14;-1.80;-1.91;-2.05
0.05;-0.02;1.14;-0.93;0.70;-2.40
0.06;-0.02;1.14;-1.73;-0.38;-2.50
0.05;-0.02;1.15;-0.76;1.22;-2.18
0.05;-0.03;1.15;-1.40;0.63;-2.37
0.06;-0.01;1.15;-1.01;1.01;-2.47
0.05;-0.02;1.15;-1.33;0.32;-2.73
0.06;-0.02;1.15;-1.13;0.64;-2.37
0.06;-0.02;1.15;-1.16;0.64;-2.00
0.06;-0.02;1.15;-0.05;4.27;-2.89
0.05;-0.02;1.15;-0.99;0.35;-2.27
0.06;-0.02;1.14;-0.76;1.10;-2.40
0.05;-0.02;1.15;-0.26;3.56;-2.00
0.05;-0.02;1.16;-0.49;1.85;-2.76
0.06;-0.02;1.14;-1.31;0.12;-2.43
0.05;-0.03;1.15;-1.39;1.53;-2.17
0.18;0.03;1.13;-0.32;2.96;-5.37
0.28;0.09;1.17;2.82;-4.92;71.13
0.21;-0.31;1.14;-3.82;-26.21;88.93
0.33;-0.01;1.20;-4.08;-0.72;-53.24
0.31;0.04;1.15;-5.33;-4.46;-40.99
0.08;0.11;1.11;-3.08;10.85;-61.89
-0.36;0.01;1.20;3.94;21.39;-17.21
-0.28;0.00;1.14;3.34;10.41;8.34
-0.08;-0.06;1.20;0.90;4.50;14.38
0.76;-0.20;0.09;-8.34;-22.37;-68.17
-0.03;-0.06;1.19;-4.79;-1.25;-52.23
-0.18;0.01;1.21;-4.69;6.72;-65.50
-0.15;0.00;1.19;-4.58;-1.22;-49.86
-0.01;0.01;1.13;-3.30;-0.67;-26.44
0.10;0.03;1.14;-3.30;-7.16;-7.85
0.06;-0.05;1.13;-1.24;-2.76;9.42
-0.05;-0.05;1.15;-0.90;3.13;7.77
-0.06;-0.04;1.15;0.09;1.83;12.34
0.05;0.02;1.16;-0.02;-0.55;23.04
0.02;0.01;1.14;-1.10;-3.05;38.06
-0.00;-0.12;1.18;0.24;-2.81;19.50
0.06;-0.02;1.15;-1.76;-1.02;-2.52
0.06;-0.02;1.14;-1.79;-0.70;-2.44
0.06;-0.02;1.14;-1.59;-0.67;-2.31
0.05;-0.02;1.14;-1.18;0.55;-2.35
0.06;-0.02;1.15;-0.67;0.92;-2.38
0.05;-0.02;1.15;-1.21;0.82;-2.24
0.05;-0.02;1.15;-1.31;1.02;-2.44
0.06;-0.02;1.14;-1.01;1.25;-2.35
0.06;-0.02;1.15;-1.04;1.27;-2.37
0.06;-0.02;1.14;-1.34;1.08;-2.29
0.06;-0.02;1.15;-0.87;1.68;-2.31
0.06;0.02;1.14;0.08;-0.60;17.60
0.06;-0.02;1.16;-0.26;-5.82;42.37
0.06;-0.02;1.13;-1.19;0.66;-2.23
0.05;-0.01;1.15;-1.24;0.89;-1.97
0.05;-0.02;1.15;-0.81;0.82;-1.95
0.06;-0.01;1.14;-0.70;-0.40;10.49
0.05;-0.02;1.14;-0.70;2.18;-2.17
0.06;-0.02;1.15;-0.66;2.06;-2.50
0.05;-0.02;1.14;-0.38;2.06;-2.41
0.05;-0.02;1.15;-0.93;1.69;-2.37
0.06;-0.02;1.13;-0.93;1.33;-2.23
0.05;-0.03;1.14;-1.18;1.88;-2.55
0.05;-0.01;1.14;-0.69;2.05;-2.23
0.05;-0.02;1.15;-0.73;2.09;-2.40
0.06;-0.02;1.15;-0.53;2.52;-2.31
0.05;-0.01;1.15;-0.58;2.87;-2.73
0.05;-0.02;1.14;0.05;5.60;-1.94
0.05;-0.02;1.16;0.26;3.21;7.73
0.05;0.01;1.15;-0.18;2.63;2.58
0.06;0.24;1.15;0.66;0.44;16.00
0.09;0.26;1.16;1.66;5.76;16.50
0.08;0.46;1.11;3.44;11.27;13.24
-0.02;0.60;1.15;3.07;7.01;40.82
0.04;0.58;1.14;3.71;-1.59;82.12
0.14;0.49;1.13;7.01;1.76;87.11
0.28;0.34;1.04;5.27;8.56;56.66
0.27;0.14;1.14;11.47;13.10;41.15
0.19;-0.09;1.16;-2.31;1.21;-4.79
-0.03;-0.12;1.10;0.44;7.07;-42.93
-0.27;-0.15;1.17;-8.24;-10.79;-14.90
-0.22;-0.24;1.21;0.06;-10.26;45.25
-0.05;-0.39;1.20;-3.57;-16.23;50.52
0.12;-0.40;1.12;3.98;9.16;19.16
0.11;-0.37;1.00;1.24;18.50;-21.30
0.02;-0.38;1.27;-7.37;-15.54;-24.93
-0.03;-0.30;1.19;-2.87;-3.79;-27.19
-0.03;-0.29;1.23;-2.12;-3.02;-24.34
-0.00;-0.26;1.15;-3.54;4.31;-28.89
0.03;-0.26;1.12;-1.91;0.75;-15.85
0.05;-0.01;1.17;-1.28;0.14;-2.29
0.06;-0.02;1.14;-1.08;0.82;-2.70
0.06;-0.02;1.15;-0.95;0.98;-2.32
0.05;-0.02;1.16;-0.72;1.71;-2.56
0.07;-0.02;1.14;-0.85;1.15;-2.41
0.06;-0.01;1.14;-1.11;0.98;-2.26
0.05;-0.02;1.14;-1.19;0.81;-2.70
0.06;-0.02;1.15;-1.13;1.21;-2.75
0.06;-0.02;1.14;-0.96;1.05;-2.75
0.05;-0.02;1.14;-1.36;0.84;-2.75
0.06;-0.02;1.15;-0.92;0.99;-2.31
0.06;-0.02;1.15;-0.98;0.90;-2.73
0.05;-0.02;1.14;-1.19;1.04;-2.49
0.06;-0.02;1.14;-1.07;1.01;-2.43
0.06;-0.02;1.15;-1.04;1.40;-2.64
0.05;-0.02;1.15;-1.07;1.28;-2.55
0.05;-0.02;1.14;-0.84;0.79;-2.63
0.05;-0.01;1.15;-1.27;0.81;-2.15
0.06;-0.01;1.14;-1.34;1.11;-2.34
0.05;-0.02;1.15;-1.08;1.11;-2.18
0.06;-0.01;1.15;-0.93;1.42;-2.17
0.06;-0.02;1.15;-0.96;0.75;-2.18
0.06;-0.02;1.14;-1.25;1.13;-2.26
0.05;-0.02;1.14;-0.76;1.15;-2.47
0.05;-0.02;1.15;-0.87;1.25;-2.31
0.06;-0.01;1.15;-0.73;1.27;-2.15
0.06;-0.02;1.15;-0.76;0.85;-2.31
0.06;-0.01;1.14;-1.13;1.47;-2.67
0.06;-0.02;1.14;-0.95;0.99;-1.69
0.06;-0.02;1.14;-1.18;1.33;-2.72
0.06;-0.02;1.14;-1.21;0.85;-2.38
0.06;-0.02;1.15;-1.15;1.25;-2.61
0.06;-0.02;1.14;-1.33;0.98;-2.35
0.06;-0.02;1.15;-1.11;1.02;-2.43
0.05;-0.02;1.14;-1.01;1.13;-1.92
0.06;-0.02;1.15;-0.82;1.07;-2.34
0.05;-0.01;1.15;-0.82;1.28;-2.20
0.05;-0.01;1.14;-0.02;4.70;-2.49
0.06;-0.01;1.14;-0.11;4.32;-2.24
0.06;-0.02;1.14;-0.12;3.79;-2.73
0.05;-0.01;1.15;-0.98;2.17;-2.37
0.06;-0.01;1.15;-0.75;0.90;-2.84
0.06;-0.02;1.14;-0.72;1.25;-2.38
0.06;-0.02;1.15;0.60;4.72;-2.63
0.05;-0.02;1.15;4.79;14.82;-2.92
0.05;-0.01;1.14;23.85;42.96;-4.72
0.03;0.00;1.14;11.92;23.05;-3.39
0.03;-0.01;1.16;3.37;8.79;-2.47
0.02;-0.00;1.12;0.09;4.20;-2.47
0.03;-0.01;1.14;0.24;5.22;-2.26
0.03;-0.00;1.15;-0.31;4.24;-2.24
0.04;-0.00;1.14;-0.55;3.54;-2.06
0.03;-0.01;1.14;-0.64;5.44;-2.76
0.02;-0.00;1.15;-0.92;3.59;-2.66
0.03;-0.00;1.14;-1.25;1.54;-2.44
0.03;-0.01;1.15;-1.07;1.88;-2.15
0.03;-0.00;1.15;-1.01;2.43;-2.67
-0.07;0.00;1.21;0.34;8.99;-1.62
0.02;-0.00;1.15;-1.31;-0.69;-2.32
0.03;-0.00;1.15;-1.56;3.60;-2.61
0.02;-0.00;1.14;-1.34;1.94;-2.92
0.03;-0.00;1.14;-1.57;4.27;-2.60
-0.03;-0.05;1.17;-0.63;8.32;13.39
-0.05;-0.03;1.16;-0.41;10.15;50.96
0.06;-0.04;1.16;2.60;-11.36;40.61
0.04;-0.02;1.15;-0.20;-2.09;9.24
0.03;-0.00;1.15;-0.03;-2.90;6.20
0.02;-0.00;1.15;-0.73;-1.80;-2.38
0.02;0.00;1.16;-0.98;-1.63;-1.80
0.02;-0.00;1.15;-0.66;-1.05;-2.38
0.02;-0.01;1.14;-1.19;-0.23;-2.34
0.02;-0.00;1.15;-0.72;0.12;-2.24
0.02;-0.01;1.15;-1.02;0.76;-2.43
0.02;-0.01;1.15;-1.08;1.05;-2.56
0.03;-0.01;1.14;-0.81;1.08;-2.46
0.02;-0.00;1.15;-0.76;0.46;-1.47
0.04;0.01;1.15;-0.27;-1.68;11.73
0.02;-0.02;1.15;-0.72;0.73;4.60
0.02;-0.03;1.15;-0.81;0.70;9.63
0.04;-0.06;1.15;-0.56;0.46;8.38
0.02;-0.14;1.18;-0.49;-0.66;4.64
0.01;-0.18;1.15;-0.95;-0.44;-3.48
-0.01;-0.20;1.15;-1.33;1.01;-7.48
-0.02;-0.24;1.13;-1.69;2.73;-3.44
-0.01;-0.29;1.16;-0.56;1.82;14.11
0.04;-0.30;1.08;-1.89;2.82;20.64
0.02;-0.31;1.18;0.49;0.26;3.27
-0.03;-0.25;1.17;-3.13;-2.35;-10.89
-0.07;-0.23;1.14;-1.94;-0.67;-11.57
-0.01;-0.19;1.20;-2.31;-0.85;3.51
0.02;-0.22;1.18;-1.98;1.86;-6.15
0.03;-0.14;1.18;-0.61;1.08;-9.28
0.00;-0.18;1.09;-1.89;0.92;-7.39
-0.00;-0.07;1.19;-1.36;-2.27;-10.27
0.09;-0.03;1.15;-0.75;-3.21;-20.56
0.07;0.04;1.09;-3.54;7.50;-13.60
0.04;0.09;1.13;-2.76;1.40;-11.71
0.02;0.17;1.13;-1.94;1.28;-6.41
0.14;0.15;1.12;-1.54;0.44;-4.20
0.13;0.13;1.20;-3.85;-2.85;-27.57
0.05;0.16;1.16;-5.30;0.76;-59.28
-0.01;0.21;1.11;-5.28;0.26;-64.08
0.03;0.22;1.12;-4.53;0.29;-55.73
-0.02;0.17;1.20;-2.66;2.20;-42.32
0.10;-0.02;1.10;-3.88;-0.52;-32.96
0.20;0.07;1.12;-3.04;0.82;-45.36
0.13;0.11;1.08;-5.27;-0.95;-91.01
-0.11;0.18;1.18;-5.88;-1.28;-89.31
-0.17;0.19;1.17;-3.45;1.15;-49.40
-0.09;0.07;1.18;-1.51;-0.46;-12.61
0.05;0.04;1.12;-0.84;-1.13;6.75
0.08;0.06;1.18;-2.27;0.76;-9.76
0.05;0.07;1.11;-2.75;-0.26;-20.79
-0.01;0.08;1.13;-2.20;0.66;-6.34
-0.06;0.12;1.16;-1.11;-2.56;24.21
0.06;0.01;1.13;0.20;-1.27;28.14
0.05;-0.02;1.13;-0.12;1.62;9.98
0.00;0.05;1.16;-0.20;2.08;9.30
0.02;0.04;1.15;-1.65;0.00;19.30
0.07;0.06;1.12;-3.65;-4.92;13.45
0.16;-0.58;1.18;-4.84;-20.49;-5.33
0.02;0.01;1.10;-1.54;4.84;-24.90
-0.01;0.01;1.17;0.82;2.96;-16.09
0.00;-0.01;1.17;-1.34;3.63;-15.73
0.00;0.01;1.16;-1.47;4.99;-20.58
0.01;0.02;1.14;-1.40;0.03;-8.78
0.02;0.07;1.16;-1.83;2.41;-2.35
0.00;0.06;1.16;-0.32;1.44;8.40
0.06;0.01;1.14;-0.47;1.56;16.82
0.05;0.03;1.14;-0.49;1.31;7.80
0.03;0.01;1.14;-1.21;0.98;-4.06
0.02;0.02;1.14;-1.89;0.34;-10.18
0.01;0.01;1.15;-1.40;1.16;-9.76
0.01;0.01;1.14;-1.16;1.42;-5.86
0.02;-0.01;1.14;-0.87;2.03;-3.22
0.03;-0.01;1.15;-0.89;-0.37;-2.34
0.03;-0.01;1.15;-1.92;-2.11;-2.37
0.04;-0.01;1.14;-1.97;-1.54;-2.21
0.03;-0.01;1.15;-1.69;0.35;-2.64
0.04;-0.01;1.15;-1.45;1.16;-2.17
0.02;-0.01;1.14;-0.99;1.76;-2.37
0.03;-0.01;1.15;-0.82;2.60;-2.12
0.03;-0.01;1.16;-1.37;1.51;-2.53
0.02;-0.01;1.15;-1.42;0.52;-1.98
0.02;-0.02;1.15;-0.61;1.79;-2.64
0.03;-0.01;1.14;-1.59;1.21;-2.34
0.03;-0.01;1.14;-1.11;1.04;-2.44
0.03;-0.02;1.16;-1.36;-0.60;-2.27
0.26;0.36;1.12;-2.90;-3.71;-20.47
0.26;0.46;1.14;-3.47;1.37;-84.32
0.04;0.31;1.14;-1.56;10.60;-112.96
-0.31;0.19;1.13;-3.89;4.99;-77.59
-0.23;0.02;1.16;-0.95;0.29;29.04
0.06;-0.20;1.18;2.87;2.03;67.44
0.12;-0.39;1.13;0.41;3.94;30.21
0.06;-0.33;1.17;-0.52;1.10;2.37
0.10;-0.27;1.17;-1.24;1.51;-18.14
0.01;-0.16;1.16;-0.47;2.69;-13.25
0.02;-0.03;1.14;-0.93;1.10;-2.44
0.03;-0.01;1.14;-0.64;1.50;-2.34
0.03;-0.01;1.15;-1.16;0.52;-2.70
0.03;-0.01;1.14;-1.13;0.81;-2.46
0.03;-0.01;1.14;-0.96;0.38;-2.35
0.03;-0.01;1.14;-1.25;0.20;-2.18
0.03;-0.01;1.14;-1.02;1.08;-2.92
0.02;0.00;1.15;-1.15;1.24;-2.08
0.03;-0.03;1.14;-0.24;1.45;10.72
0.03;-0.02;1.15;-0.93;0.69;9.31
0.03;0.02;1.14;-0.40;0.76;7.27
0.05;0.03;1.15;-0.70;-0.49;4.31
0.10;0.16;1.13;-1.11;0.67;-3.73
0.11;0.33;1.12;-0.85;-1.63;-13.11
0.14;0.49;1.12;-1.94;0.31;-25.44
0.07;0.31;1.14;-2.34;0.64;-53.16
-0.08;0.13;1.17;-2.12;2.38;-48.81
-0.24;0.06;1.17;-1.54;2.58;-25.40
-0.18;-0.28;1.19;0.43;0.99;29.65
0.03;-0.38;1.18;2.00;2.27;63.07
0.21;-0.39;1.15;0.78;-0.41;38.89
0.07;-0.22;1.15;-0.81;2.95;8.08
0.02;-0.09;1.18;-0.78;0.89;1.42
0.03;-0.01;1.14;-0.85;1.57;-2.34
0.04;-0.01;1.13;-1.45;0.05;-2.32
0.03;-0.01;1.15;-1.10;0.38;-2.38
0.02;-0.01;1.15;-1.16;0.34;-2.14
0.03;-0.01;1.14;-1.51;0.29;-2.14
0.03;-0.01;1.15;-1.42;1.40;-2.52
0.03;-0.01;1.16;-1.16;1.10;-2.76
0.08;0.33;1.11;-2.81;-5.37;27.40
0.13;0.53;1.15;0.93;1.92;36.64
0.12;0.39;1.10;0.66;2.46;21.42
0.08;0.24;1.13;-0.66;1.02;4.15
0.08;0.10;1.16;-0.24;0.81;-23.82
-0.14;-0.29;1.22;-1.05;0.61;-47.65
-0.16;-0.46;1.10;-2.11;1.33;8.99
0.01;-0.43;1.16;0.43;0.84;44.82
0.05;-0.10;1.16;-0.64;4.47;-2.06
0.04;-0.01;1.15;-0.53;3.50;-2.52
-0.05;-0.04;1.15;-0.55;0.55;6.24
0.02;0.01;1.16;-0.85;-0.46;14.17
0.06;-0.01;1.15;-0.58;1.39;5.62
0.03;-0.01;1.15;-0.69;2.20;-6.29
0.03;-0.00;1.15;-1.85;1.07;-5.97
0.03;-0.00;1.14;-1.22;1.59;-6.14
0.03;-0.01;1.15;-0.76;1.10;-2.50
0.02;-0.01;1.15;-0.72;0.92;-2.23
0.02;-0.01;1.14;-1.24;0.92;-2.27
0.03;-0.01;1.15;-0.89;1.68;-2.32
0.03;-0.01;1.14;-0.73;1.98;-2.44
0.04;-0.01;1.15;-1.08;1.53;-2.20
0.03;-0.01;1.15;-1.24;0.85;-2.93
0.03;-0.01;1.16;-1.60;1.37;-2.31
0.02;-0.02;1.15;-1.01;0.92;-2.81
0.03;-0.01;1.14;-1.13;1.33;-2.35
0.03;-0.01;1.15;-0.89;1.07;-2.35
0.03;-0.01;1.15;-1.04;0.08;-2.00
0.03;-0.01;1.13;-1.25;0.60;-2.37
0.04;-0.01;1.15;-1.47;0.11;-2.56
0.14;0.24;1.16;-1.36;-2.93;-4.35
0.03;0.35;1.17;-3.47;6.02;-44.98
-0.03;0.40;1.12;-1.18;-1.21;-24.58
-0.03;0.50;1.12;-1.24;3.42;-9.10
-0.11;0.57;1.15;0.17;0.02;21.50
0.04;0.48;1.15;3.59;2.09;59.74
0.01;0.43;1.17;1.48;2.41;26.60
-0.09;0.26;1.10;2.58;3.45;17.40
-0.12;0.06;1.12;2.02;2.90;47.37
0.10;-0.27;1.16;2.89;-1.34;78.03
0.28;-0.38;1.12;1.02;2.06;29.30
-0.03;-0.38;1.26;-0.11;3.94;-8.50
-0.16;-0.23;1.11;-1.68;1.83;-4.05
-0.12;-0.35;1.16;0.98;5.69;23.74
0.02;-0.43;1.16;0.29;3.79;38.47
0.01;-0.38;1.15;0.12;1.73;46.76
0.06;-0.39;1.13;1.40;2.18;64.15
0.19;-0.39;1.14;0.49;0.37;48.85
0.13;-0.27;1.14;-0.37;0.70;14.03
0.01;-0.15;1.15;-0.70;2.21;7.01
0.04;-0.01;1.15;-1.07;2.89;-2.26
0.02;-0.00;1.13;-1.31;0.76;-2.20
0.02;-0.01;1.16;-0.95;0.82;-2.50
0.03;-0.01;1.15;-1.45;1.82;-2.26
0.00;0.11;1.12;-2.38;3.37;8.24
0.06;-0.10;1.13;-3.13;7.77;-3.36
0.00;-0.00;1.15;-6.43;-6.52;-1.74
0.03;0.07;1.16;-43.36;-71.76;-1.05
0.07;-0.08;1.13;-6.90;-6.69;-30.95
0.04;-0.03;1.13;-8.67;-8.14;-67.42
0.04;0.00;1.16;-0.40;4.00;-3.56
0.05;-0.02;1.15;-1.30;-0.53;-2.32
0.05;-0.01;1.15;-1.34;0.50;-2.32
0.06;-0.02;1.14;-1.30;0.82;-2.34
0.05;-0.01;1.15;-1.34;-0.05;-2.41
0.05;-0.02;1.14;-1.65;-1.13;-2.18
0.05;-0.01;1.15;-1.66;-0.50;-2.23
0.05;-0.01;1.15;-1.22;0.66;-2.26
0.05;-0.02;1.16;-1.51;1.11;-2.41
0.05;-0.02;1.15;-0.79;0.90;-2.40
0.05;-0.02;1.13;-1.16;-0.02;-2.41
0.05;-0.01;1.14;-1.13;0.84;-2.55
0.07;-0.01;1.14;0.63;8.20;-2.61
0.05;-0.02;1.14;-0.70;2.78;-2.60
0.05;-0.01;1.14;-0.69;2.35;-2.31
0.06;-0.02;1.15;-1.19;1.07;-2.34
0.05;-0.02;1.14;-0.63;2.05;-2.18
0.06;-0.02;1.15;-0.47;2.85;-2.50
0.05;-0.02;1.15;-0.63;2.35;-2.23
0.05;-0.02;1.14;-0.61;2.85;-2.41
0.05;-0.01;1.14;-0.79;1.30;-2.75
0.05;-0.01;1.15;-0.79;1.66;-2.55
0.05;-0.01;1.15;-0.56;3.45;-2.50
0.05;-0.02;1.14;0.15;4.99;-2.70
0.05;-0.01;1.15;-0.27;5.25;-2.61
0.05;-0.01;1.14;0.41;6.87;-2.64
0.05;-0.01;1.15;0.64;6.17;-2.64
0.04;-0.02;1.14;1.54;6.81;-2.47
0.04;-0.01;1.14;-0.93;2.72;-2.37
0.06;-0.02;1.15;-2.67;-2.61;-2.26
0.18;-0.04;1.12;5.01;32.75;-11.34
0.06;-0.01;1.18;40.26;71.47;-95.57
0.01;0.05;0.89;0.31;-2.93;-50.35
-0.01;-0.00;1.18;-0.53;3.76;-6.31
0.02;-0.01;1.17;1.10;-1.54;-2.76
0.02;-0.00;1.15;-0.05;-2.06;-2.18
0.03;-0.01;1.15;-0.70;-0.52;-2.27
0.02;-0.01;1.15;-0.34;-1.04;-2.50
0.03;-0.00;1.14;-0.52;0.08;-2.31
0.03;-0.00;1.14;-0.67;0.44;-2.31
0.02;-0.00;1.14;-1.13;0.46;-2.69
0.03;-0.00;1.15;-1.13;0.92;-2.67
0.02;-0.00;1.15;-1.19;1.33;-2.70
0.03;-0.00;1.16;-1.28;1.04;-2.41
0.03;-0.01;1.14;-1.34;0.69;-2.66
0.03;-0.00;1.15;-1.05;1.36;-2.20
0.03;-0.00;1.14;-1.18;2.08;-2.40
0.03;-0.01;1.15;-0.63;2.46;-2.46
0.02;0.00;1.15;-0.76;1.02;-2.23
0.03;-0.33;1.18;-1.07;-1.76;-1.95
0.08;-0.38;1.17;-3.10;-1.92;-39.39
-0.13;-0.33;1.17;-2.18;1.01;-53.21
-0.11;-0.54;1.17;-1.04;1.66;-5.02
0.04;-0.60;1.19;-1.48;-1.01;-3.89
0.12;-0.30;1.14;-1.71;0.98;-18.43
-0.04;-0.08;1.16;-4.21;2.09;-32.38
-0.16;0.09;1.15;-4.73;0.50;-30.26
-0.06;0.07;1.14;-1.51;-1.63;-6.70
-0.01;0.28;1.18;-2.46;-2.31;8.93
0.02;0.16;1.15;-2.27;4.06;18.61
0.05;0.21;1.11;-1.27;0.76;49.94
0.10;0.35;1.18;0.41;1.28;57.05
0.06;0.41;1.14;-0.23;-0.49;48.87
0.01;0.37;1.13;0.47;-0.34;53.31
0.03;0.29;1.16;1.68;-0.52;67.27
0.12;0.17;1.14;-0.12;1.80;54.05
0.17;0.08;1.12;-2.43;2.03;-24.34
0.01;0.08;1.16;-2.18;3.69;-29.79
0.01;0.08;1.14;-2.50;3.11;-11.28
0.02;0.00;1.15;-2.17;1.45;-2.81
0.02;-0.01;1.16;-2.26;0.37;-2.05
0.08;-0.02;1.14;-9.63;-11.42;-12.03
0.01;-0.01;1.14;-13.02;-16.85;-38.61
-0.02;0.01;1.16;-18.69;-32.18;-12.11
0.10;-0.03;1.12;-6.61;-18.78;-1.36
0.04;-0.01;1.15;-5.22;-12.84;-2.29
0.07;-0.03;1.13;-11.05;-31.50;-1.56
0.06;-0.02;1.15;-1.15;1.47;-2.55
0.05;-0.02;1.14;-1.07;1.34;-2.23
0.06;-0.02;1.14;-1.16;1.21;-2.40
0.05;-0.02;1.15;-1.05;1.04;-2.34
0.04;0.14;1.15;0.56;4.21;1.27
0.06;-0.01;1.15;-0.31;-2.66;31.77
0.03;-0.10;1.09;7.30;17.33;37.74
0.06;-0.01;1.12;-4.27;-15.47;14.81
0.06;-0.01;1.14;0.02;4.67;-2.15
0.03;-0.01;1.15;-0.47;2.38;-2.24
0.04;-0.02;1.14;-1.34;0.27;-2.73
0.06;-0.07;1.15;-0.87;5.89;-12.81
0.04;-0.02;1.15;-1.98;0.15;-7.89
0.06;-0.02;1.15;0.89;9.19;-11.27
0.04;0.02;1.16;0.18;5.30;-15.53
0.05;-0.01;1.14;-0.52;2.63;-15.28
0.02;0.00;1.15;-0.40;4.05;-9.79
0.04;-0.01;1.16;0.76;4.96;-2.31
0.04;-0.02;1.15;4.95;11.91;-3.21
0.03;-0.01;1.15;1.83;6.47;-2.43
0.04;-0.01;1.15;2.38;6.85;-3.22
0.04;-0.01;1.14;2.82;8.21;-3.97
0.03;-0.00;1.14;4.03;10.38;-3.76
0.02;-0.01;1.15;0.92;4.72;-3.05
0.03;-0.02;1.15;-0.92;0.96;-2.47
0.04;-0.01;1.15;0.14;2.38;-2.75
0.03;-0.01;1.15;-0.89;1.01;-2.58
0.03;-0.01;1.15;-1.21;-0.15;-2.06
0.03;-0.01;1.16;-1.50;-0.46;-2.40
0.03;-0.01;1.16;-2.35;-1.47;-2.64
0.06;-0.02;1.14;-0.87;0.98;-6.93
0.02;-0.00;1.15;-0.50;3.98;-18.52
0.02;-0.01;1.14;0.21;4.38;-8.09
0.04;-0.01;1.15;-0.53;2.75;-6.05
0.04;-0.01;1.14;-1.15;2.06;-9.71
0.02;-0.00;1.15;-1.40;1.05;-9.59
0.03;-0.01;1.14;-0.09;3.50;-2.47
0.03;-0.01;1.14;-0.38;1.57;-2.61
0.03;-0.00;1.14;-0.72;1.69;-2.69
0.27;0.04;1.13;-2.02;1.04;-21.27
0.23;0.11;1.15;-3.59;-0.92;-61.71
0.22;0.21;1.12;-4.02;-1.56;-64.55
0.27;0.25;1.15;-1.51;-2.41;-21.79
0.40;0.30;1.12;-2.34;-2.46;-43.25
0.23;0.31;1.16;-2.95;-2.93;-44.09
-0.06;0.22;1.12;-2.76;-3.04;-0.06
0.17;0.12;1.18;-0.02;-2.23;15.19
0.45;-0.01;1.12;-0.79;3.74;-51.77
-0.29;-0.01;1.18;-1.54;-0.96;-37.88
-0.08;-0.16;1.18;-1.19;-1.65;-4.23
0.15;-0.24;1.14;-4.23;-1.15;-51.88
-0.05;-0.21;1.19;-3.79;6.26;-78.49
-0.44;-0.07;1.26;-3.13;2.55;-52.12
-0.43;-0.11;1.27;0.67;-4.58;21.68
-0.13;-0.22;1.23;-1.83;-5.50;29.66
0.08;-0.26;1.15;0.66;5.74;-22.73
-0.21;-0.12;1.19;-2.63;0.84;-36.95
-0.14;-0.13;1.12;-1.10;-0.08;8.66
-0.02;-0.11;1.16;0.18;0.52;15.63
0.02;-0.09;1.13;-0.89;0.96;5.91
0.02;-0.04;1.12;-0.34;2.50;1.63
0.03;-0.01;1.14;-0.44;1.73;0.26
0.03;-0.01;1.15;-0.79;0.72;1.10
0.02;-0.01;1.15;-0.55;0.49;3.08
0.03;-0.02;1.15;-1.30;1.21;-0.20
0.03;-0.01;1.16;-0.49;1.51;-2.29
0.03;-0.00;1.15;-0.92;1.40;-2.00
0.03;-0.01;1.15;-1.25;1.27;-2.24
0.03;-0.01;1.14;-1.11;1.15;-2.31
0.03;0.00;1.15;-1.31;1.42;-1.54
0.04;-0.02;1.14;-0.44;1.36;3.31
0.03;-0.00;1.14;-1.34;0.89;1.37
0.03;-0.02;1.15;-1.13;0.35;0.15
0.03;-0.00;1.15;-1.21;0.61;-1.34
0.03;-0.01;1.15;-0.99;0.50;-2.40
0.03;-0.01;1.14;-0.98;1.10;-2.18
0.03;-0.01;1.15;-0.78;1.21;-2.35
0.03;-0.01;1.15;-1.02;1.51;-2.31
0.03;-0.01;1.15;-1.11;0.87;-2.73
0.03;-0.00;1.14;-1.15;0.47;-2.52
0.03;-0.00;1.15;-0.98;0.99;-2.47
0.03;-0.01;1.13;-1.28;1.39;-2.61
0.03;-0.01;1.15;-0.99;1.56;-2.27
0.03;-0.01;1.15;-1.13;1.27;-2.18
0.03;-0.01;1.15;-1.27;0.95;-2.58
0.03;-0.01;1.14;-0.90;1.08;-2.26
0.03;-0.01;1.15;-1.16;1.44;-2.37
0.02;-0.01;1.15;-1.21;1.24;-2.27
0.03;-0.00;1.15;-1.01;1.02;-2.37
0.03;-0.01;1.14;-1.21;1.10;-2.11
0.03;-0.01;1.15;-0.85;1.30;-2.17
0.03;-0.01;1.14;-1.05;1.07;-2.35
0.03;-0.01;1.15;-1.24;1.05;-2.47
0.03;-0.01;1.14;-1.13;0.85;-2.64
0.03;-0.01;1.14;-1.57;1.05;-2.34
0.03;-0.00;1.15;-1.18;1.25;-2.61
0.03;-0.01;1.15;-1.11;0.75;-2.78
0.03;-0.01;1.14;-1.18;0.63;-2.26
0.03;-0.01;1.15;-1.02;0.81;-1.92
0.04;-0.01;1.14;-0.95;1.10;-2.26
0.03;-0.01;1.15;-1.13;1.28;-2.58
0.03;-0.00;1.14;-1.08;1.39;-2.56
0.03;-0.01;1.14;-1.08;1.92;-2.32
0.03;-0.01;1.15;-1.11;1.53;-2.40
0.03;-0.01;1.15;-0.96;1.37;-2.56
0.02;-0.00;1.15;-1.16;1.07;-2.63
0.02;-0.01;1.13;-0.79;1.01;-2.50
0.03;-0.01;1.15;-0.90;0.87;-2.41
0.03;-0.01;1.15;-1.21;0.58;-2.32
0.03;-0.01;1.15;-1.39;-2.17;-2.63
0.03;0.00;1.16;-3.04;-4.23;-45.85
0.13;-0.15;1.20;-3.57;-4.81;-122.52
-0.32;-0.26;1.25;-5.57;-3.54;-130.95
-0.33;-0.41;1.17;-6.96;-1.71;-119.34
-0.37;-0.26;1.15;-6.11;-1.95;-94.52
-0.21;-0.26;1.19;-3.69;2.79;-60.00
-0.12;-0.26;1.15;-1.85;1.05;-25.63
-0.13;-0.20;1.10;-0.73;0.43;-10.76
-0.38;-0.04;1.20;-2.05;2.38;-15.91
-0.18;0.09;1.23;0.41;-1.08;53.19
0.18;0.02;1.15;1.73;1.91;80.64
0.16;0.12;1.15;-0.53;1.42;69.76
0.19;0.25;1.08;2.34;2.38;93.34
0.27;0.27;1.14;3.54;2.66;109.47
0.43;0.15;1.12;3.33;4.99;99.73
0.35;0.18;1.19;1.71;0.61;77.73
0.31;0.13;1.08;1.57;2.93;60.00
0.13;0.12;1.21;1.34;1.79;51.98
0.15;0.09;1.16;0.98;2.11;48.99
0.13;0.04;1.15;0.08;1.30;37.30
0.17;-0.01;1.14;-1.15;1.28;5.44
0.03;-0.01;1.14;-1.82;0.37;-2.75
0.04;-0.02;1.15;0.00;4.23;-2.58
0.03;-0.00;1.16;-0.99;2.92;-2.31
0.03;-0.01;1.15;-0.75;3.73;-1.92
-0.02;0.02;1.14;-0.41;4.90;11.48
0.02;-0.02;1.15;0.72;3.24;36.29
0.06;-0.02;1.14;-0.84;4.02;18.98
0.01;-0.00;1.15;-1.92;0.06;-2.12
0.03;-0.01;1.14;-1.63;3.25;-2.52
0.03;-0.01;1.14;-2.58;2.50;-2.55
0.03;-0.01;1.14;-4.84;-4.17;-2.85
0.01;-0.01;1.12;-8.44;1.51;-23.40
0.01;-0.01;1.16;-5.68;-8.37;-2.00
0.02;-0.01;1.16;-7.97;-15.10;-1.95
0.04;-0.02;1.16;-5.36;-11.71;-1.60
0.02;-0.01;1.15;-6.50;-19.04;-1.36
0.06;-0.02;1.15;-8.66;-22.64;-1.79
0.06;-0.02;1.14;-3.40;-5.97;-2.09
0.04;-0.01;1.15;-2.82;-4.12;-1.94
0.05;-0.01;1.15;-3.04;-6.20;-1.88
0.09;0.04;1.15;-1.69;-6.79;11.68
0.03;-0.07;1.14;1.30;6.38;2.85
0.05;-0.01;1.15;-0.05;4.14;-1.94
0.04;-0.01;1.15;-2.15;-2.37;-1.74
0.05;-0.01;1.15;-1.69;-2.35;4.73
0.05;-0.02;1.14;-0.50;1.69;2.18
0.05;-0.02;1.14;0.32;4.82;0.99
0.06;-0.02;1.15;0.29;5.83;-2.38
0.06;-0.01;1.15;1.47;6.73;-0.56
0.04;-0.02;1.14;1.47;8.49;-0.40
0.05;-0.01;1.14;2.09;9.59;-1.98
0.04;-0.01;1.14;1.54;7.37;-2.79
0.05;-0.01;1.16;0.85;5.77;-2.38
0.05;-0.02;1.15;1.45;5.60;-2.69
0.04;-0.02;1.15;-3.05;-2.89;-2.29
0.04;-0.02;1.16;-2.85;-3.48;-5.48
0.03;-0.06;1.17;-2.69;-3.08;-2.50
0.03;-0.06;1.17;-2.98;-5.48;4.56
0.18;-0.24;1.07;-1.57;1.85;-5.13
0.24;-0.33;1.17;-2.31;-1.45;-14.72
0.27;-0.32;1.16;-3.04;-0.70;-29.19
0.23;-0.36;1.20;-2.64;-1.51;-22.31
0.29;-0.29;1.17;-2.60;0.69;-21.36
0.35;-0.29;1.02;-2.18;4.02;-15.66
0.31;-0.28;1.10;-5.74;-0.41;-27.53
0.19;-0.18;1.13;-5.15;-0.73;-46.46
0.05;-0.02;1.09;-5.39;1.66;-47.33
0.03;0.01;1.24;-4.72;-4.14;-34.12
0.16;-0.06;1.12;-4.23;0.79;-43.88
0.15;0.03;1.12;-5.66;1.39;-60.29
0.01;0.11;1.16;-6.05;0.43;-84.73
-0.12;0.19;1.17;-6.64;3.25;-86.79
-0.22;0.19;1.22;-4.84;2.29;-73.01
-0.19;0.21;1.16;-2.69;4.58;-45.53
-0.21;0.26;1.14;-3.57;9.10;-50.23
-0.33;0.31;1.12;-2.79;4.87;-36.92
-0.37;0.31;1.21;-3.13;-5.27;3.66
-0.14;0.14;1.08;-1.02;-2.70;34.40
-0.02;0.05;1.20;1.39;2.90;26.72
0.02;-0.00;1.16;-0.49;-0.70;13.05
0.03;0.01;1.13;0.31;2.73;11.74
0.04;-0.06;1.12;-0.84;0.49;5.82
0.04;-0.04;1.15;-0.89;1.21;-1.66
0.05;-0.02;1.15;-0.84;2.35;-2.44
0.05;-0.02;1.15;-0.78;1.91;-2.69
0.04;-0.02;1.15;-1.11;0.76;-2.76
0.05;-0.02;1.15;-1.11;0.09;-2.26
0.04;-0.02;1.15;-1.60;-0.17;-1.82
0.04;-0.02;1.14;-1.16;-0.08;-2.67
0.05;-0.02;1.14;-1.30;1.05;-2.34
0.05;-0.02;1.15;-1.18;1.16;-2.40
0.05;-0.02;1.14;-0.87;1.07;-2.66
0.04;-0.02;1.15;-0.93;1.44;-2.55
0.05;-0.02;1.15;-0.64;2.67;-2.24
0.04;-0.02;1.14;-0.84;1.86;-2.32
0.04;-0.02;1.14;-1.16;1.15;-2.24
0.05;-0.02;1.15;-1.36;0.63;-2.46
0.05;-0.02;1.14;-1.34;1.22;-2.18
0.04;-0.02;1.15;-1.24;1.11;-2.05
0.05;-0.02;1.15;-0.84;0.60;-0.11
0.04;-0.02;1.15;-0.82;0.70;-1.24
0.05;-0.02;1.15;-1.27;1.30;-2.09
0.04;-0.02;1.14;-0.96;1.60;-2.27
0.05;-0.02;1.15;-0.96;1.83;-2.60
0.05;-0.02;1.15;-0.38;2.34;-2.23
0.04;-0.01;1.15;-0.84;1.62;-1.80
0.04;-0.02;1.15;-0.79;0.89;-2.21
0.05;-0.01;1.14;-0.98;1.25;-2.12
0.05;-0.02;1.14;-1.13;1.07;-2.63
0.04;-0.02;1.15;-0.90;0.82;-2.38
0.04;-0.02;1.15;-0.78;1.89;-2.63
0.04;-0.02;1.15;-0.73;1.65;-2.34
0.05;-0.01;1.14;-0.75;1.91;-2.08
0.05;-0.02;1.14;-0.90;2.24;-2.26
0.04;-0.02;1.15;-0.90;1.59;-2.73
0.05;-0.01;1.15;-0.85;1.40;-2.53
0.04;-0.02;1.15;-1.22;0.73;-2.49
0.17;-0.07;1.14;-1.33;0.81;-14.93
-0.00;-0.01;1.16;-1.92;3.95;-38.46
0.00;0.00;1.14;0.64;6.55;-31.01
-0.24;0.19;1.12;-0.69;9.36;-61.42
-0.32;0.21;1.15;0.26;4.63;-40.66
-0.12;0.19;1.15;0.37;5.05;-20.72
-0.04;0.21;1.17;-1.05;3.60;-28.31
-0.31;0.32;1.17;-0.03;10.32;-60.49
-0.50;0.41;1.25;0.63;2.34;-13.94
-0.21;0.28;1.13;2.26;3.25;55.74
-0.05;0.29;1.17;2.98;-2.02;101.31
0.00;0.22;1.09;4.50;7.48;69.83
-0.13;0.07;1.15;2.46;2.31;80.50
-0.36;0.11;1.04;-0.53;-2.23;53.77
0.10;-0.07;1.16;3.39;-4.44;110.67
0.42;-0.23;1.12;4.32;7.45;87.98
0.21;-0.33;1.13;3.86;-1.39;95.94
0.26;-0.35;1.09;4.09;5.21;87.24
0.31;-0.42;1.17;2.41;3.07;77.15
0.33;-0.38;1.13;0.99;1.88;35.76
0.28;-0.43;1.10;0.17;1.77;14.00
0.09;-0.30;1.12;0.43;3.76;-2.84
0.04;-0.21;1.18;0.27;2.99;4.69
0.11;-0.16;1.14;0.14;3.33;9.77
0.04;-0.01;1.15;-0.99;3.16;-2.52
0.04;-0.00;1.14;-1.45;-0.44;-2.38
0.03;-0.01;1.13;-1.88;-0.75;-2.78
0.03;-0.01;1.15;-1.24;0.43;-2.37
0.03;-0.01;1.16;-0.67;1.33;-2.52
0.02;-0.01;1.15;-1.07;1.27;-2.40
0.03;-0.01;1.14;-1.36;0.12;-2.46
0.04;-0.02;1.14;-1.65;1.21;-1.86
-0.02;0.02;1.14;-3.37;-2.87;-8.70
0.07;-0.01;1.15;-1.53;0.96;-9.95
0.04;-0.01;1.15;-3.60;-1.19;-14.70
0.01;0.00;1.16;-3.18;-2.21;-10.09
0.03;-0.01;1.15;-4.64;-5.25;-2.31
0.03;-0.01;1.15;-3.37;-2.76;-2.55
0.03;-0.01;1.16;-6.98;-9.97;-1.85
0.04;-0.01;1.15;-3.10;-3.37;-2.49
0.04;-0.02;1.15;-5.22;-7.44;-2.05
0.05;-0.04;1.14;-3.86;-4.31;-2.06
0.01;-0.01;1.25;-21.53;-60.11;4.66
-0.00;0.09;1.15;0.53;9.50;-6.67
0.04;-0.01;1.15;0.27;6.35;-2.43
0.04;-0.02;1.14;-1.33;0.49;-2.47
0.04;-0.02;1.15;-1.50;-0.15;-2.27
0.05;-0.01;1.15;-2.82;-4.00;-2.26
0.06;-0.02;1.15;-1.44;-0.66;-2.15
0.05;-0.02;1.14;-1.01;1.56;-2.55
0.05;-0.02;1.15;-0.41;3.44;-2.53
0.05;-0.02;1.15;-0.75;1.19;-2.52
0.05;-0.02;1.15;-1.13;0.20;-2.63
0.04;-0.03;1.15;-0.95;0.35;-2.43
0.05;-0.01;1.16;-1.47;-0.47;-2.02
0.05;-0.02;1.15;-1.01;0.32;-2.46
0.05;-0.01;1.15;-1.42;-0.81;-2.08
0.05;-0.02;1.15;-1.04;0.81;-2.20
0.05;-0.02;1.15;-1.25;0.72;-2.47
0.05;-0.02;1.15;-0.81;1.47;-2.35
0.05;-0.02;1.15;-1.27;1.30;-2.66
0.05;-0.02;1.15;-0.90;0.23;-2.14
0.05;-0.02;1.14;-1.94;-1.57;-2.31
0.05;-0.01;1.15;-1.18;0.31;-2.52
0.05;-0.02;1.15;-1.97;-1.39;-2.43
0.05;-0.01;1.15;-1.22;0.38;-2.82
0.05;-0.02;1.15;-0.55;3.50;-2.38
0.03;-0.01;1.17;-0.31;3.86;-2.60
0.05;-0.01;1.15;-1.82;-0.43;-2.46
0.14;-0.22;1.14;3.40;26.73;-53.83
0.15;0.23;1.24;14.37;17.71;-125.18
-0.09;0.08;1.08;6.95;17.91;-30.00
0.09;0.11;1.16;7.08;17.82;-33.53
0.01;0.32;1.20;-1.10;1.16;-36.95
0.20;0.24;1.14;0.53;3.21;-5.07
-0.09;0.69;1.22;2.06;4.98;-8.72
-0.11;0.47;1.19;1.94;-0.05;24.14
0.00;0.37;1.21;0.43;1.95;19.68
0.16;0.32;1.16;0.50;2.60;-7.56
0.10;0.18;1.18;-0.67;0.89;-15.80
-0.00;0.15;1.15;-1.31;1.79;-22.18
-0.10;0.12;1.13;-1.15;0.29;-0.49
-0.04;-0.01;1.14;1.59;-0.11;34.03
0.01;-0.19;1.08;1.71;4.06;64.81
0.17;-0.26;1.08;2.81;-0.58;61.45
0.22;-0.37;1.12;-1.89;2.26;-8.96
-0.02;-0.29;1.15;-2.15;3.44;-48.96
-0.16;-0.34;1.15;-2.11;0.64;-23.86
-0.18;-0.32;1.19;0.35;1.60;23.25
0.07;-0.34;1.14;0.98;1.25;44.90
0.10;-0.33;1.17;1.40;2.46;27.10
0.09;-0.30;1.13;0.20;1.51;11.08
0.00;-0.20;1.13;-1.47;2.99;2.47
0.00;-0.08;1.13;-0.81;1.39;-0.60
0.03;-0.00;1.13;-1.42;1.39;-2.61
0.03;-0.01;1.15;-0.87;0.75;-2.27
0.03;-0.00;1.15;-0.69;0.46;-2.17
0.02;0.00;1.16;-1.63;0.89;-2.53
0.04;-0.01;1.15;-1.45;1.33;-2.24
0.03;0.00;1.15;-1.53;0.60;-2.37
0.02;-0.01;1.15;-1.85;0.00;-2.11
0.03;-0.01;1.16;-2.43;-0.44;-2.58
0.03;-0.01;1.14;-1.04;2.29;-2.15
0.03;-0.01;1.16;0.12;3.80;-2.66
0.04;-0.00;1.15;-1.10;1.69;-2.50
0.03;-0.00;1.15;-1.04;1.07;-2.61
0.03;-0.00;1.15;-1.77;1.13;-2.29
0.03;-0.00;1.15;-2.06;0.12;-2.69
0.03;-0.01;1.14;-2.00;0.46;-2.75
0.03;-0.00;1.14;-2.50;-1.08;-2.73
0.03;-0.01;1.13;-2.34;-1.15;-2.23
0.03;-0.01;1.15;-1.34;0.69;-2.14
0.04;-0.01;1.15;-0.66;1.79;-2.63
0.02;-0.00;1.15;-0.73;1.88;-2.47
0.03;-0.01;1.15;2.38;6.15;-2.78
0.02;-0.01;1.14;0.70;3.59;-2.35
0.02;0.00;1.15;-0.26;2.11;-2.49
0.03;-0.00;1.15;-0.67;1.91;-2.73
0.03;-0.01;1.14;-0.66;1.36;-2.67
0.03;-0.01;1.14;-0.89;1.47;-2.21
0.03;-0.00;1.14;-1.11;1.18;-2.27
0.03;-0.00;1.14;-1.48;0.87;-2.50
0.03;-0.01;1.15;-1.30;0.50;-2.52
0.03;-0.01;1.14;-1.30;0.76;-2.61
0.03;-0.00;1.14;-1.05;0.73;-2.40
0.03;-0.01;1.15;-1.13;1.16;-2.43
0.02;-0.00;1.15;-1.08;1.30;-2.56
0.03;-0.00;1.14;-1.25;0.66;-2.18
0.03;-0.01;1.15;-1.40;0.55;-2.55
0.03;-0.00;1.15;-0.87;1.04;-2.63
0.03;-0.00;1.15;-0.95;1.27;-2.43
0.03;-0.00;1.15;-1.30;0.99;-2.34
0.03;-0.00;1.15;-1.31;1.02;-2.53
0.04;-0.01;1.15;-1.39;1.48;-2.27
0.03;-0.00;1.16;-1.07;2.03;-2.27
0.03;-0.01;1.15;-1.07;2.66;-2.67
0.02;0.00;1.15;-0.84;1.48;-2.53
0.03;-0.01;1.15;-0.67;0.84;-2.47
0.03;-0.00;1.14;-1.19;0.17;-2.66
0.03;-0.00;1.16;-1.18;-0.03;-2.61
0.02;0.00;1.14;-1.19;0.23;-2.37
0.03;-0.01;1.14;-1.44;-0.20;-2.17
0.02;-0.01;1.15;-0.38;2.15;-2.64
0.03;-0.00;1.15;-0.69;2.34;-2.37
0.03;-0.00;1.14;-0.82;3.39;-2.08
0.02;-0.00;1.15;-0.78;2.52;-2.34
0.03;-0.00;1.13;-1.02;2.15;-2.34
0.03;-0.01;1.15;-0.89;0.92;-2.52
0.01;-0.00;1.15;-1.36;0.75;-2.55
0.02;-0.01;1.15;-0.90;1.25;-2.24
0.02;0.00;1.15;-1.02;1.65;-2.08
0.02;-0.00;1.15;-0.99;-0.03;-2.11
0.02;-0.01;1.15;-1.28;0.24;-2.27
0.02;-0.00;1.15;-1.05;0.73;-2.34
-0.17;-0.35;1.17;-0.69;-1.91;23.92
0.08;-0.09;1.14;0.08;0.09;40.69
0.04;-0.15;1.17;0.35;1.71;36.75
0.09;-0.14;1.19;-1.39;0.03;14.29
-0.02;-0.35;1.13;-1.92;-1.25;-5.37
-0.01;-0.41;1.04;-1.39;-0.20;1.56
0.04;-0.35;1.23;0.60;1.16;45.74
0.37;-0.42;1.12;0.73;0.23;36.56
0.15;-0.30;1.14;-1.56;0.70;-39.44
-0.25;-0.15;1.22;-2.66;-0.35;-45.86
-0.34;0.04;1.14;-1.34;2.34;5.76
-0.19;-0.03;1.23;2.76;-0.41;97.13
0.30;-0.12;1.15;0.82;-1.21;91.68
0.19;-0.05;1.10;-2.49;5.39;9.18
0.05;0.15;1.17;-1.91;2.03;-11.19
-0.06;0.16;1.12;-3.59;3.25;-13.86
-0.02;0.40;1.17;-1.37;-0.81;31.53
0.14;0.43;1.10;0.32;1.07;39.53
0.07;0.52;1.07;-3.53;3.07;-55.59
0.01;0.62;1.19;-1.08;-0.29;-22.52
0.30;0.56;1.16;-2.99;-1.66;-19.28
0.05;0.51;1.13;-3.16;0.11;-50.61
-0.11;0.38;1.25;-0.79;-1.15;-33.92
-0.12;0.04;1.13;-0.58;3.11;4.09
-0.04;-0.13;1.18;0.63;0.40;5.98
0.04;-0.33;1.21;0.79;0.84;6.93
0.06;-0.36;1.17;-0.38;1.63;-3.98
0.12;-0.34;1.13;-1.04;1.27;-4.89
0.06;-0.29;1.14;-1.57;3.27;-12.75
0.04;-0.00;1.15;-1.22;3.30;-2.60
0.02;0.00;1.16;-1.08;1.10;-2.56
0.03;-0.00;1.12;-1.15;1.25;-2.08
0.03;-0.00;1.16;-1.19;0.69;-2.37
0.04;0.00;1.14;-1.21;0.44;-2.79
0.03;-0.00;1.14;-0.96;1.74;-2.49
0.03;-0.01;1.15;-1.44;1.54;-2.55
0.03;-0.01;1.14;-0.99;1.44;-2.49
0.03;-0.01;1.14;-0.89;0.98;-2.11
0.03;-0.00;1.15;-0.98;0.76;-2.61
0.03;-0.01;1.14;-1.21;0.85;-2.46
0.03;-0.01;1.15;-1.21;1.27;-2.31
0.03;-0.01;1.15;-1.15;1.19;-2.21
0.03;-0.00;1.15;-1.10;1.11;-2.14
0.03;-0.01;1.16;-0.82;0.61;-2.29
0.02;-0.00;1.14;-1.22;0.96;-2.40
0.03;-0.00;1.14;-1.05;0.63;-2.23
-0.12;-0.28;1.20;-1.02;-0.02;-3.73
-0.07;-0.23;1.16;-1.50;0.52;16.43
0.01;-0.22;1.18;-1.50;1.02;6.76
-0.01;-0.28;1.12;-1.10;1.95;10.40
0.04;-0.37;1.13;-0.18;2.03;27.82
0.11;-0.45;1.15;-1.36;2.12;12.29
0.06;-0.44;1.19;-1.36;0.85;-7.27
0.00;-0.42;1.18;-4.40;0.06;-28.78
0.00;-0.42;1.01;-1.16;3.16;-19.04
0.06;-0.27;1.19;-5.86;4.96;-25.80
0.15;-0.21;1.17;-4.08;1.13;-47.85
0.14;-0.01;1.17;-6.29;-0.70;-74.18
-0.06;0.31;1.31;-7.76;-7.45;-87.16
-0.05;0.45;1.16;-6.15;0.50;-88.41
-0.08;0.66;0.94;-3.68;1.21;-64.67
0.04;0.74;0.96;-4.56;-3.34;-15.40
0.02;0.70;1.09;-1.25;-0.64;18.09
0.17;0.64;0.97;-0.76;0.11;11.82
0.08;0.04;1.15;-0.50;0.93;-1.50
0.14;0.59;1.20;-0.26;2.12;-14.58
0.03;0.35;1.11;-1.51;-0.20;-18.17
-0.13;0.23;1.21;-0.55;-2.26;8.14
-0.01;0.15;1.12;-0.18;0.89;8.78
-0.03;0.07;1.18;0.02;-0.14;8.00
-0.07;0.08;1.18;2.05;3.65;25.60
0.15;-0.15;1.13;0.81;-0.60;48.69
0.17;-0.29;1.19;0.87;1.69;10.03
0.05;-0.28;1.19;-1.28;0.90;-21.63
-0.05;-0.19;1.12;-0.46;1.66;8.50
-0.01;-0.19;1.19;0.31;0.18;20.53
0.06;-0.17;1.17;-0.37;1.07;12.85
0.02;-0.07;1.15;-1.04;1.04;2.43
0.03;-0.02;1.16;-0.87;1.48;-1.94
0.03;-0.00;1.14;-1.01;1.11;-2.23
0.03;-0.01;1.15;-0.67;1.04;-2.35
0.04;-0.00;1.15;-1.31;1.02;-2.35
0.03;-0.01;1.16;-0.87;0.98;-2.41
0.03;-0.00;1.15;-1.63;1.05;-1.91
0.02;0.00;1.14;-0.67;1.42;0.92
0.03;-0.02;1.14;-0.41;1.85;-2.60
0.03;-0.01;1.15;-0.70;0.38;-2.46
-0.02;-0.25;1.13;-1.95;2.87;-11.76
-0.00;-0.14;1.16;-2.29;0.92;-39.07
-0.01;-0.24;1.16;-4.09;2.55;-81.76
-0.18;-0.22;1.17;-4.11;-0.75;-70.40
-0.27;-0.33;1.15;-3.33;3.10;-46.24
-0.31;-0.28;1.21;-2.31;2.49;-13.37
-0.09;-0.36;1.12;-2.69;-0.98;-15.47
-0.11;-0.30;1.07;-3.02;6.21;-28.31
-0.10;-0.11;1.13;-1.59;0.41;-2.89
-0.07;-0.07;1.23;-1.13;-0.20;25.59
0.25;0.13;1.17;-1.28;0.09;19.13
0.36;0.41;1.14;-1.68;-1.18;-8.93
0.36;0.46;1.10;-2.20;-1.28;-22.37
0.11;0.39;1.09;-1.53;3.91;-13.62
0.09;0.35;1.17;-0.15;0.09;36.00
0.28;0.31;1.11;-0.06;-0.55;44.98
0.06;0.01;1.04;-0.84;3.89;-2.44
0.26;0.19;1.12;-1.56;-1.31;19.82
0.37;0.26;1.16;-1.65;1.36;11.63
0.32;0.53;1.19;-0.46;0.96;16.08
0.28;0.24;1.21;-1.59;-0.17;-26.29
0.09;0.15;1.21;-4.69;-1.13;-48.43
0.02;0.21;1.18;-0.73;-1.11;-29.10
0.09;0.08;1.22;-1.89;-1.98;-20.78
-0.05;-0.10;1.11;-1.37;0.53;-28.29
-0.15;-0.24;1.20;-1.59;0.56;-46.85
-0.22;-0.30;1.19;-1.76;-1.04;-31.94
-0.13;-0.36;1.16;-1.86;1.16;-23.05
-0.09;-0.29;1.13;-1.83;2.32;-19.40
-0.16;-0.24;1.17;-0.66;2.24;-6.90
-0.09;-0.22;1.13;-1.80;2.43;1.37
-0.08;-0.17;1.17;-1.39;2.03;-1.59
-0.03;-0.15;1.14;-1.05;3.39;-4.82
-0.01;-0.05;1.15;-0.81;1.24;-2.98
0.02;-0.01;1.15;-0.87;1.01;-2.63
0.03;-0.00;1.15;-0.52;1.16;-2.27
0.03;-0.01;1.14;-1.02;-0.81;-2.63
0.04;-0.02;1.14;-1.40;-0.46;-3.21
0.02;0.01;1.15;-1.57;-0.14;-5.44
0.03;-0.01;1.15;-1.74;0.56;-3.05
0.02;-0.01;1.15;-1.34;0.95;-6.09
-0.05;-0.04;1.17;-1.07;0.26;0.56
-0.02;-0.05;1.15;-0.87;0.53;15.34
-0.00;-0.03;1.17;-0.90;-0.78;23.50
0.01;-0.08;1.14;-0.67;1.42;7.24
-0.01;-0.10;1.15;-1.60;0.08;-8.95
-0.11;-0.23;1.16;-0.63;0.15;2.11
-0.19;-0.36;1.15;-2.44;-1.42;11.60
-0.07;-0.43;1.21;-0.79;-0.46;26.89
0.02;-0.36;1.12;-3.92;0.06;-37.80
-0.23;-0.23;1.21;-1.92;0.67;-63.86
-0.39;-0.23;1.14;-0.41;3.76;-30.82
0.01;-0.11;1.16;-0.96;0.96;19.30
0.35;0.10;1.13;-0.60;2.75;-7.21
0.34;0.18;1.10;-3.25;2.52;-55.95
0.19;0.35;1.13;-5.31;0.69;-71.88
0.15;0.50;1.13;-4.06;2.38;-40.18
0.20;0.47;1.12;-1.05;1.36;-1.11
0.30;0.48;1.13;-0.55;-2.67;22.34
0.34;-0.02;1.09;-2.37;5.02;-4.78
0.24;0.23;1.15;0.02;0.73;14.49
0.17;0.45;1.15;0.70;0.08;42.81
0.34;0.54;1.13;1.24;0.47;60.93
0.48;0.33;1.07;0.56;4.29;22.95
0.26;0.24;1.17;-1.11;3.97;-36.00
0.09;0.21;1.14;-0.49;-0.23;-40.14
0.03;0.05;1.15;-2.95;0.49;-22.06
-0.18;-0.05;1.25;-1.47;-0.67;-2.46
-0.14;-0.10;1.12;2.79;0.27;60.38
0.02;-0.31;1.13;1.73;0.23;37.91
-0.03;-0.32;1.15;-0.76;-0.89;-7.39
-0.21;-0.29;1.16;-1.80;0.95;-20.26
-0.28;-0.28;1.20;-0.40;5.82;-13.83
-0.19;-0.27;1.16;0.32;1.82;13.50
-0.06;-0.25;1.16;-0.55;-0.43;5.02
-0.05;-0.21;1.17;-1.62;0.92;-7.66
-0.06;-0.10;1.14;-0.98;1.44;-6.60
0.03;-0.00;1.14;-1.16;0.87;-2.84
0.02;-0.01;1.16;-0.17;1.91;-2.47
0.04;-0.02;1.15;-0.40;0.78;-2.06
0.02;-0.03;1.13;-1.05;0.82;-2.05
0.05;0.01;1.14;-1.42;1.08;-1.88
0.04;-0.01;1.14;-1.59;0.17;-2.11
0.02;-0.01;1.15;-1.27;0.26;-2.43
0.04;-0.01;1.15;-1.33;0.84;-2.18
0.03;-0.01;1.15;-1.44;1.33;-2.37
0.03;-0.01;1.16;-1.24;0.89;-2.56
0.04;-0.01;1.15;-1.47;0.78;-2.55
0.03;-0.01;1.15;-0.92;1.34;-2.31
0.03;-0.01;1.15;-1.04;1.02;-2.27
0.03;-0.01;1.15;-1.21;0.85;-2.40
0.03;-0.01;1.15;-0.76;1.60;-2.26
0.03;-0.01;1.15;-1.48;1.15;-2.50
0.03;-0.00;1.15;-1.22;0.98;-2.26
0.04;-0.01;1.15;-1.01;0.93;-2.40
0.02;-0.01;1.15;-1.16;0.60;-2.12
0.04;-0.01;1.14;-1.05;1.18;-2.49
0.02;-0.01;1.15;-1.62;1.13;-2.58
0.20;0.22;1.15;-0.81;0.55;-11.66
0.12;0.03;1.18;-3.71;0.50;-45.10
0.10;0.09;1.12;-1.86;1.53;-37.82
0.08;0.15;1.20;-3.05;-1.73;-28.58
0.11;0.12;1.12;-2.17;3.05;-18.60
0.06;0.19;1.17;-0.98;-1.30;-27.68
0.15;0.16;1.15;-0.93;1.79;-31.77
0.14;0.13;1.12;-1.85;1.50;-24.43
0.12;0.19;1.13;-2.46;3.30;-19.51
0.01;0.22;1.18;-0.50;0.72;-5.30
0.08;0.13;1.10;1.91;1.11;40.95
0.13;-0.13;1.13;2.87;2.32;33.88
0.06;-0.13;1.08;-0.41;2.61;14.05
-0.01;-0.20;1.11;-1.19;1.11;14.89
-0.19;-0.36;1.14;-0.66;-2.14;-5.89
-0.30;-0.51;1.20;0.14;4.06;-17.37
-0.30;-0.51;1.20;-2.02;-1.21;-15.79
0.10;-0.03;1.13;-1.62;-4.06;-2.96
-0.21;-0.59;1.19;-3.54;1.27;-122.44
-0.41;-0.48;1.22;-5.22;4.23;-102.96
-0.20;-0.34;1.19;-7.19;2.55;-122.40
-0.38;-0.30;1.18;-2.89;0.38;-55.85
-0.46;-0.20;1.20;0.89;-1.65;26.60
-0.11;-0.42;1.20;0.55;0.34;94.61
0.47;-0.11;1.12;2.11;2.12;75.30
0.32;0.30;1.16;-2.12;1.85;14.05
0.12;0.52;1.24;-0.20;0.56;24.99
0.16;0.54;1.10;1.04;-0.85;74.34
0.29;0.37;1.09;2.61;3.51;104.21
0.44;0.32;1.12;1.79;3.02;67.65
0.25;0.27;1.11;-1.13;1.45;21.89
0.15;0.09;1.15;-2.15;-1.54;5.56
0.02;0.00;1.15;-1.48;1.94;-1.37
0.01;-0.01;1.14;0.43;3.19;25.10
0.04;-0.04;1.16;1.13;5.28;15.82
0.05;-0.03;1.11;-0.72;2.14;8.85
0.03;-0.02;1.14;-0.72;2.11;2.93
0.02;-0.01;1.17;-0.72;1.50;0.37
0.03;-0.01;1.15;-0.66;0.72;-0.15
0.01;0.00;1.14;-0.75;1.57;7.85
0.02;0.01;1.16;-0.38;1.98;13.37
-0.06;0.05;1.15;-0.72;-0.23;27.89
-0.04;0.06;1.17;0.11;-1.48;46.56
0.04;0.05;1.14;-0.05;0.58;53.10
0.04;0.11;1.13;0.44;1.48;38.38
-0.01;0.26;1.15;-0.75;0.64;8.79
-0.21;0.49;1.15;-1.07;3.45;-1.92
-0.28;0.49;1.15;0.05;3.28;13.42
-0.44;0.50;1.12;0.46;3.74;38.34
-0.46;0.41;1.20;3.40;0.96;98.18
-0.31;0.23;1.26;7.73;3.01;146.17
-0.27;0.02;1.35;-1.10;-0.41;149.88
0.08;-0.17;1.22;7.48;-1.89;95.33
0.06;-0.25;1.22;4.02;3.98;64.18
0.21;-0.40;1.11;2.95;2.52;59.47
0.33;-0.46;1.09;1.76;0.20;86.14
0.58;-0.50;1.05;3.08;-0.05;96.98
0.40;-0.51;1.17;1.51;0.46;46.41
0.33;-0.49;1.18;-1.51;2.09;-18.60
0.02;-0.30;1.15;-2.37;1.82;-34.60
-0.04;-0.19;1.12;-0.82;-0.53;17.01
0.22;-0.41;1.18;4.49;3.34;43.63
0.39;-0.54;1.15;1.02;3.07;26.52
0.51;-0.52;1.11;-2.87;-2.18;-7.83
0.53;-0.46;1.09;-6.27;0.49;-66.43
0.13;-0.14;1.07;-4.99;-0.17;-95.66
-0.20;0.12;1.18;-3.74;1.63;-90.44
-0.38;0.46;1.18;-4.37;1.56;-86.31
-0.68;0.66;1.19;-3.83;-1.89;-50.41
-0.59;0.58;1.13;-1.11;3.85;17.19
-0.17;0.32;1.20;0.84;0.67;50.66
0.12;-0.03;1.13;-3.22;-4.70;-4.55
0.06;0.04;1.11;-2.11;2.15;-27.94
-0.03;-0.02;1.18;-1.71;1.79;-21.21
-0.01;-0.05;1.16;-0.64;1.98;-7.54
0.03;-0.00;1.14;-0.27;2.90;-2.64
0.04;-0.01;1.13;-1.45;1.59;-2.26
0.02;-0.01;1.19;-0.89;0.58;-2.46
0.03;0.00;1.11;-1.95;1.92;-2.44
0.03;-0.00;1.16;-1.62;0.75;-2.47
0.03;-0.01;1.16;-1.01;0.73;-2.38
0.03;-0.00;1.14;-1.27;0.95;-2.20
0.03;-0.00;1.15;-1.21;1.04;-2.23
0.03;-0.00;1.15;-1.27;0.50;-2.69
0.03;-0.01;1.14;-1.51;-0.70;-2.56
0.13;-0.12;1.16;-2.11;0.20;-19.21
0.08;-0.08;1.17;-1.91;0.60;-24.35
0.06;-0.15;1.13;-2.92;0.69;-39.98
0.05;-0.16;1.13;-4.37;0.02;-51.98
0.05;-0.31;1.10;-3.28;1.11;-35.47
0.14;-0.26;1.16;-2.31;2.50;-17.08
0.23;-0.36;1.10;-2.70;-1.37;-5.30
0.34;-0.43;1.16;-3.73;-2.81;-18.89
0.38;-0.32;1.16;-5.50;-6.15;-47.50
0.23;-0.32;1.14;-2.85;2.63;-60.32
0.17;-0.29;1.15;-2.89;0.96;-51.73
0.09;-0.09;1.23;-5.05;-0.90;-60.14
0.10;0.04;1.23;-3.21;-1.30;-73.51
-0.00;0.07;1.15;-3.83;-0.56;-71.01
-0.15;0.21;1.09;-4.17;0.08;-29.63
-0.26;0.28;1.23;-1.57;-0.61;-17.65
-0.23;0.29;1.16;-4.44;1.33;-41.91
-0.23;0.41;1.11;-2.32;3.27;-31.45
-0.22;0.52;1.10;-3.30;0.79;-34.64
-0.42;0.50;1.18;-2.61;4.31;-36.52
0.10;0.01;1.07;-3.40;-6.34;0.46
-0.14;0.30;1.15;-2.15;-5.39;2.84
-0.26;0.47;1.10;-2.06;-0.53;7.31
-0.34;0.47;1.23;-0.46;3.77;-8.60
-0.41;0.36;1.25;1.31;0.24;51.18
-0.21;0.23;1.17;6.20;-0.75;128.05
0.44;-0.05;0.72;8.27;-8.29;12.64
-0.03;0.03;1.08;2.20;7.22;-19.60
-0.14;0.06;1.27;-2.21;1.07;13.34
0.12;-0.06;1.08;1.36;4.46;15.54
0.19;-0.22;1.11;4.82;10.96;41.50
0.15;-0.33;1.35;2.23;-5.07;69.63
0.49;-0.48;0.97;0.69;-3.11;41.79
0.39;-0.37;0.90;-1.10;9.54;15.73
-0.01;-0.25;1.26;-0.46;3.05;19.19
-0.01;-0.20;1.16;-0.92;0.17;22.03
0.09;-0.10;1.14;-1.16;-1.39;25.92
0.09;-0.08;1.17;-3.36;-2.40;-0.03
0.08;-0.03;1.16;-2.85;-1.04;-22.34
0.03;-0.03;1.15;-5.39;-1.51;-52.47
-0.02;-0.03;1.17;-4.15;0.58;-43.27
-0.05;-0.03;1.17;-6.55;-7.59;-26.49
-0.02;-0.01;1.17;-11.48;-17.39;-5.66
0.04;-0.01;1.15;-5.54;-8.09;-2.46
0.03;-0.02;1.18;-5.42;-12.84;-2.00
0.04;-0.02;1.15;-4.53;-11.02;-1.68
0.07;-0.02;1.13;-4.00;-7.11;-2.64
0.06;-0.02;1.13;-2.20;-3.28;-2.17
0.05;-0.02;1.15;-2.23;-2.02;-2.37
0.04;-0.01;1.16;-1.18;1.92;-2.23
0.04;-0.02;1.17;-0.67;3.25;-2.63
0.05;-0.02;1.14;-0.75;2.95;-3.04
0.04;-0.01;1.16;-0.31;3.47;-2.49
0.07;-0.02;1.12;-4.21;-10.06;-1.66
0.06;-0.02;1.13;-1.66;-1.04;-2.00
0.07;-0.02;1.12;-3.11;-5.54;-2.09
0.04;-0.02;1.16;-0.14;4.53;-2.53
0.06;-0.02;1.14;0.37;6.40;-2.56
0.05;-0.02;1.15;-3.27;-5.94;-2.37
0.05;-0.02;1.16;-3.15;-5.79;-2.35
0.08;-0.03;1.11;-1.66;-0.31;-2.31
0.05;-0.02;1.15;-1.18;1.51;-2.20
0.06;-0.02;1.16;-1.92;-0.66;-2.47
0.06;-0.02;1.15;-1.54;0.46;-2.63
0.06;-0.01;1.14;-1.08;1.16;-2.72
0.05;-0.02;1.15;-1.02;0.81;-2.56
0.06;-0.02;1.15;-0.78;3.01;-2.27
0.07;-0.02;1.14;-1.13;1.34;-2.76
0.06;-0.03;1.14;-0.92;1.66;-2.02
0.05;-0.02;1.16;-1.60;-0.23;-2.40
0.05;-0.02;1.17;-1.79;-2.11;-2.15
0.05;-0.02;1.15;-1.71;0.43;-2.44
0.06;-0.02;1.14;-0.84;0.73;-2.05
0.05;-0.01;1.15;-1.18;0.60;-2.35
0.06;-0.02;1.14;-1.02;1.34;-2.43
0.05;-0.01;1.15;-1.21;1.94;-2.18
0.05;-0.02;1.15;-1.13;2.23;-2.49
0.06;-0.02;1.13;-0.99;1.63;-2.58
0.06;-0.02;1.12;-1.40;-0.99;-5.97
0.08;0.01;1.13;-1.50;7.24;-36.44
0.06;-0.03;1.14;5.21;21.71;-2.66
0.02;-0.01;1.18;-9.36;-26.20;-1.74
0.08;-0.06;1.12;-5.63;2.58;-74.05
0.04;0.02;1.17;3.13;16.29;-6.66
0.01;-0.00;1.17;2.41;12.98;-2.87
0.11;-0.04;1.11;-6.61;-15.69;-2.09
0.05;-0.02;1.15;1.91;10.44;-2.29
0.06;-0.02;1.14;1.88;10.41;-2.82
0.06;-0.02;1.14;-3.39;-7.08;-2.58
0.06;-0.02;1.14;-3.71;-7.19;-2.38
0.08;-0.05;1.11;-4.05;-1.39;-34.03
0.07;-0.03;1.14;5.31;21.04;-3.02
0.06;-0.00;1.15;10.18;38.44;-2.69
-0.00;-0.05;1.16;-4.73;-12.15;19.31
0.04;-0.01;1.14;-4.05;-8.14;-2.18
0.06;-0.02;1.14;-0.29;4.67;-2.66
0.04;-0.02;1.16;8.31;26.29;-2.09
-0.01;0.00;1.17;-12.14;-30.00;-1.40
0.09;-0.09;1.11;-2.60;0.96;-34.11
0.05;-0.02;1.16;6.40;25.16;-2.93
-0.00;0.00;1.17;-4.37;-9.60;-2.08
0.06;-0.02;1.14;-6.78;-18.37;-1.71
0.04;-0.01;1.16;0.14;4.31;-2.73
0.04;-0.02;1.16;-1.04;1.73;-2.78
